ASIN,YEAR,MONTH,DAY,STAR_5,STAR_4,STAR_3,STAR_2,STAR_1,STAR_AVG
B07NJQ89D5,2022,1,24,70,16,8,2,4,4.5
B094KVYZSC,2022,1,24,65,16,7,7,5,4.3
B094KT28DV,2022,1,24,66,15,9,4,7,4.3
B07N3BN1KS,2022,1,24,74,12,7,3,4,4.5
B008J2GP9G,2022,1,24,78,12,5,2,3,4.6
B07BVKK11Q,2022,1,24,74,15,7,2,2,4.6
B000TGC8D2,2022,1,24,72,15,7,3,3,4.5
B00FH692PQ,2022,1,24,64,18,9,3,5,4.3
B002KG28PW,2022,1,24,81,11,4,1,2,4.7
B000MD65FO,2022,1,24,84,10,3,1,2,4.7
B07N3BN1KS,2022,1,24,74,12,7,3,4,4.5
B07T2L6JR1,2022,1,24,76,12,6,2,3,4.6
B08BTNS4K8,2022,1,24,81,12,4,1,1,4.7
B01DZSM0HY,2022,1,24,80,7,3,1,8,4.5
B078H4HXSM,2022,1,24,83,8,5,2,2,4.7
B0006FMK98,2022,1,24,74,13,7,3,3,4.5
B07CJMJS3L,2022,1,24,78,10,8,1,2,4.6
B00C5AHTVQ,2022,1,24,83,9,4,1,2,4.7
B094KY78HJ,2022,1,24,71,16,7,3,3,4.5
B0038TXGL0,2022,1,24,76,13,5,2,3,4.6
B0842YG95G,2022,1,24,78,13,5,2,2,4.6
B00EHD9872,2022,1,24,81,10,4,2,2,4.7
B00AINMFAC,2022,1,24,76,14,7,2,2,4.6
B00LSV7ZQ2,2022,1,24,69,14,7,4,6,4.4
B07BHCB9Y2,2022,1,24,66,16,9,3,5,4.4
B07NQ69L7P,2022,1,24,80,12,5,2,2,4.7
B0743CZWCP,2022,1,24,69,12,9,4,7,4.3
B082YGK39W,2022,1,24,75,11,7,3,4,4.5
B08T47QVNR,2022,1,24,87,7,3,1,2,4.8
B074VLGVJ3,2022,1,24,80,12,5,1,2,4.7
B086S4Q7JH,2022,1,24,83,10,4,1,2,4.7
B0038TXGL0,2022,1,24,76,13,5,2,3,4.6
B0009I4MKW,2022,1,24,80,11,4,2,3,4.6
B079RJ4Y7B,2022,1,24,74,13,6,3,4,4.5
B0784P7P16,2022,1,24,72,12,8,3,4,4.5
B00ILBUEVK,2022,1,24,85,9,3,1,2,4.8
B001E96P28,2022,1,24,77,13,7,1,1,4.6
B07PY962WW,2022,1,24,67,18,8,3,3,4.4
B0087PWY86,2022,1,24,80,13,4,1,1,4.7
B0007CXXYG,2022,1,24,82,10,4,1,2,4.7
B07F38LXDM,2022,1,24,88,9,2,0,1,4.8
B082G1PXB3,2022,1,24,75,12,7,3,3,4.5
B07D37PQGL,2022,1,24,85,8,3,1,2,4.7
B07VW5GMLD,2022,1,24,70,14,8,4,5,4.4
B01LZG17UO,2022,1,24,83,11,4,1,1,4.7
B00C5AHTVQ,2022,1,24,83,9,4,1,2,4.7
B094KVYZSC,2022,1,24,65,16,7,7,5,4.3
B01M2DNKV7,2022,1,24,83,11,4,1,1,4.7
B01M1NFFUV,2022,1,24,78,9,7,2,4,4.6
B08LHXJTDW,2022,1,24,86,8,3,1,2,4.8
B07K4S4J66,2022,1,24,66,15,9,4,6,4.3
B0007X749U,2022,1,24,84,9,4,1,2,4.7
B01MDTVV6T,2022,1,24,73,15,7,2,3,4.5
B08BTKBVWT,2022,1,24,75,13,6,2,3,4.5
B07HRNLW6V,2022,1,24,58,14,12,6,10,4
B01INE0KAY,2022,1,24,83,11,4,1,1,4.7
B01DX8O092,2022,1,24,81,7,6,1,5,4.6
B005NOPU2G,2022,1,24,84,10,4,1,2,4.7
B07GQM62WM,2022,1,24,55,18,12,5,10,4
B08NVK6NS6,2022,1,24,73,12,8,2,5,4.5
B07M6HP787,2022,1,24,74,14,6,2,3,4.5
B01LFQYXBO,2022,1,24,77,13,6,2,2,4.6
B001EO5WYU,2022,1,24,73,13,7,3,4,4.5
B08SSCH7YR,2022,1,24,73,15,7,2,3,4.5
B00LPLQIKO,2022,1,24,74,15,6,1,5,4.5
B0048F5ATO,2022,1,24,76,12,6,2,3,4.6
B07XGTMQLF,2022,1,24,82,8,4,1,5,4.6
B002WTC3AW,2022,1,24,82,11,4,1,2,4.7
B004W498AS,2022,1,24,67,16,9,3,4,4.4
B00JWSNNRI,2022,1,24,84,9,4,1,3,4.7
B0891843GC,2022,1,24,86,8,3,1,2,4.7
B087QZXBLH,2022,1,24,83,8,4,2,4,4.7
B0009I4MKW,2022,1,24,80,11,4,2,3,4.6
B079TH68RF,2022,1,24,77,12,6,2,2,4.6
B08RG6WLK3,2022,1,24,100,0,0,0,0,5
B08RG1LQGL,2022,1,24,100,0,0,0,0,5
B09H3RK75S,2022,1,24,82,18,0,0,0,4.8
B000MD65FO,2022,1,24,84,10,3,1,2,4.7
B091DB16R7,2022,1,24,80,8,5,3,4,4.6
B072MGQVG4,2022,1,24,77,14,6,1,2,4.6
B008Q8XKL4,2022,1,24,79,12,5,1,2,4.7
B08918B4NQ,2022,1,24,70,13,8,3,6,4.4
B000W5K1E8,2022,1,24,83,10,4,2,2,4.7
B001E96OUQ,2022,1,24,85,9,2,2,2,4.7
B01N1KSKHG,2022,1,24,86,9,3,0,1,4.8
B0098QPV3I,2022,1,24,81,9,4,2,4,4.6
B076S6KMY9,2022,1,24,73,15,7,2,3,4.5
B0899JDQLB,2022,1,24,78,10,4,4,4,4.5
B07H3CZHJ5,2022,1,24,81,9,4,2,3,4.6
B00TBJSRLA,2022,1,24,81,12,5,1,1,4.7
B01INE0P6I,2022,1,24,80,13,4,1,1,4.7
B07MP16QMP,2022,1,24,62,12,13,6,6,4.2
B08SSCH7YS,2022,1,24,80,11,4,2,3,4.6
B08SSRQW2V,2022,1,24,83,9,4,1,2,4.7
B078K4PKKR,2022,1,24,72,14,7,3,4,4.5
B07HMVMTN6,2022,1,24,67,17,9,3,3,4.4
B07CJ61W74,2022,1,24,84,8,5,2,2,4.7
B07F38N6H6,2022,1,24,83,12,3,1,1,4.8
B008OL3UYK,2022,1,24,65,15,9,4,7,4.3
B0007CXY5E,2022,1,24,84,10,3,1,2,4.7
B01M36CJSJ,2022,1,24,82,12,4,1,2,4.7
B094KT28DV,2022,1,24,66,15,9,4,7,4.3
B07F39WZQP,2022,1,24,84,11,3,1,1,4.8
B08SYKRMLY,2022,1,24,75,9,7,4,5,4.5
B008OL3WZC,2022,1,24,66,14,9,5,7,4.3
B0011DP24Y,2022,1,24,65,13,9,4,8,4.2
B088P7K3GN,2022,1,24,84,8,8,0,0,4.8
B001P1ZEJK,2022,1,24,78,15,4,2,1,4.7
B06Y2DT2GJ,2022,1,24,74,14,6,2,3,4.5
B07NFSPQ2H,2022,1,24,88,9,2,0,1,4.8
B07HMP33Q1,2022,1,24,74,14,7,3,3,4.5
B01868BEAW,2022,1,24,65,11,9,5,10,4.2
B01H6OXQFS,2022,1,24,82,12,5,1,1,4.7
B07NVQVZL4,2022,1,24,82,13,3,1,2,4.7
B00ZPQ129C,2022,1,24,82,8,4,2,5,4.6
B01CSKTVPO,2022,1,24,80,14,4,1,1,4.7
B07PDNSPD6,2022,1,24,72,14,8,3,4,4.5
B002LMBLTY,2022,1,24,75,14,6,2,3,4.6
B08SSCPQF7,2022,1,24,73,11,7,3,6,4.4
B07NQCBRL1,2022,1,24,72,14,8,2,4,4.5
B08T7MS7RJ,2022,1,24,73,15,7,2,3,4.5
B08WSC8WDR,2022,1,24,82,11,4,1,2,4.7
B07BNQVWJW,2022,1,24,83,9,4,1,2,4.7
B0891BG2PY,2022,1,24,83,8,4,2,4,4.7
B001P1ZEJK,2022,1,24,78,15,4,2,1,4.7
B06Y2DT2GJ,2022,1,24,74,14,6,2,3,4.5
B07NFSPQ2H,2022,1,24,88,9,2,0,1,4.8
B07HMP33Q1,2022,1,24,74,14,7,3,3,4.5
B01868BEAW,2022,1,24,65,11,9,5,10,4.2
B007MFITC2,2022,1,24,72,8,11,3,6,4.4
B08KSMQ4BK,2022,1,24,71,15,7,4,2,4.5
B01H6OXQFS,2022,1,24,82,12,5,1,1,4.7
B07NVQVZL4,2022,1,24,82,13,3,1,2,4.7
B00ZPQ129C,2022,1,24,82,8,4,2,5,4.6
B01CSKTVPO,2022,1,24,80,14,4,1,1,4.7
B07B64P5FX,2022,1,24,81,11,4,1,3,4.7
B08P5Y3C6X,2022,1,24,63,15,12,5,5,4.3
B08P5Y1TVK,2022,1,24,62,15,14,4,6,4.2
B001I80NO6,2022,1,24,78,13,5,1,2,4.6
B07PDNSPD6,2022,1,24,72,14,8,3,4,4.5
B002LMBLTY,2022,1,24,75,14,6,2,3,4.6
B00DQSKQXE,2022,1,24,71,13,7,4,5,4.4
B0753Q75KZ,2022,1,24,77,12,6,2,3,4.6
B0857LTYZ2,2022,1,24,84,11,3,1,1,4.8
B00WDR9SZQ,2022,1,24,75,12,6,3,4,4.5
B08BTMWBNS,2022,1,24,86,10,2,0,2,4.8
B00KVT477M,2022,1,24,91,5,2,2,1,4.8
B017GGC9BI,2022,1,24,73,13,8,3,3,4.5
B00C7QH98Q,2022,1,24,86,8,3,1,2,4.8
B08YP2HCQR,2022,1,24,63,17,9,5,6,4.3
B09H3RK75S,2022,1,24,82,18,0,0,0,4.8
B094F4PT6F,2022,1,24,80,11,5,2,3,4.6
B08P5Y9KQG,2022,1,24,67,17,7,4,5,4.4
B08BTKBVWT,2022,1,24,75,13,6,2,3,4.5
B078K4YMXR,2022,1,24,74,12,6,4,5,4.5
B00JAMCO9E,2022,1,24,84,10,4,1,1,4.7
B00IK1CJZU,2022,1,24,85,9,3,1,2,4.8
B00943D1JQ,2022,1,24,87,7,2,1,3,4.8
B000RK9XLA,2022,1,24,77,14,5,1,3,4.6
B07NJQ89D5,2022,1,24,70,16,8,2,4,4.5
B07HMJTH7G,2022,1,24,74,15,7,3,2,4.5
B076GJ91S9,2022,1,24,67,14,9,4,5,4.3
B00BGVM95Q,2022,1,24,78,13,4,2,2,4.6
B01M4QMQ4B,2022,1,24,85,9,3,1,1,4.8
B07NWZK8PF,2022,1,24,87,8,2,1,2,4.8
B079RJ4Y7B,2022,1,24,74,13,6,3,4,4.5
B01KSC5XA6,2022,1,24,69,11,8,4,8,4.3
B01IA9DPB8,2022,1,24,90,7,2,1,0,4.9
B0052P1B7O,2022,1,24,75,13,6,2,4,4.5
B01M7R4XW0,2022,1,24,87,9,2,1,1,4.8
B083JK13DH,2022,1,24,81,11,4,2,2,4.7
B077RWDFM5,2022,1,24,71,14,8,4,4,4.5
B08M4GXGFJ,2022,1,24,66,16,9,4,4,4.4
B004H0UGUS,2022,1,24,72,11,8,3,6,4.4
B00I1OTTJK,2022,1,24,78,11,6,2,3,4.6
B08LHX5QG7,2022,1,24,85,10,4,1,1,4.8
B00FA3QLUA,2022,1,24,74,12,7,3,5,4.5
B084LJ5XJ3,2022,1,24,81,12,4,1,2,4.7
B09LRLLFMX,2022,1,24,100,0,0,0,0,5
B08SSCPPD8,2022,1,24,60,17,11,4,8,4.2
B08SSFFH6N,2022,1,24,75,13,6,2,3,4.5
B094F7D4HS,2022,1,24,82,9,4,1,3,4.7
B005NOPU2G,2022,1,24,84,10,4,1,2,4.7
B08SSCP46J,2022,1,24,79,10,5,2,3,4.6
B014AP7TZE,2022,1,24,77,10,6,3,4,4.5
B00ALV8EL0,2022,1,24,74,13,7,3,3,4.5
B08SSCH7YR,2022,1,24,73,15,7,2,3,4.5
B071LF1KKY,2022,1,24,78,11,6,2,3,4.6
B08RG15SLJ,2022,1,24,58,9,11,5,17,3.9
B0792Q3ZH2,2022,1,24,78,14,4,1,2,4.7
B07Z25YP4C,2022,1,24,48,18,7,9,18,3.7
B000VHCGMM,2022,1,24,85,6,4,1,4,4.7
B019SDPN5G,2022,1,24,78,12,6,2,3,4.6
B07BY7VJVP,2022,1,24,60,13,15,6,6,4.2
B00OKME7S0,2022,1,24,80,11,5,1,3,4.7
B09BZNY3RH,2022,1,24,84,9,3,1,3,4.7
B00143V3US,2022,1,24,79,13,5,1,2,4.7
B08GLN9L6L,2022,1,24,78,10,4,4,4,4.5
B08GLK9QFK,2022,1,24,80,10,5,2,3,4.6
B07XCJSYRT,2022,1,24,66,16,9,4,5,4.3
B08LHX596H,2022,1,24,75,16,5,2,2,4.6
B01M4IUJV0,2022,1,24,67,18,10,3,3,4.4
B07L8NSBXC,2022,1,24,82,12,4,1,0,4.8
B01MR7DHBA,2022,1,24,68,15,9,4,5,4.4
B00X1ME00U,2022,1,24,78,12,6,2,2,4.6
B08W8Q7NBS,2022,1,24,63,22,5,3,8,4.3
B004CJJO2A,2022,1,24,79,9,6,2,4,4.6
B012P630DA,2022,1,24,72,14,6,2,5,4.5
B08KQKQ8NB,2022,1,24,67,15,7,5,5,4.3
B016NEOL8I,2022,1,24,60,16,11,6,7,4.1
B078T2GMSF,2022,1,24,78,13,3,3,4,4.6
B07MKS1C89,2022,1,24,72,14,7,3,5,4.4
B089256TRC,2022,1,24,79,12,4,2,2,4.7
B09LRLCRC9,2022,1,24,0,50,50,0,0,3.5
B07XFW5GKH,2022,1,24,84,7,4,2,3,4.7
B0752FXRQJ,2022,1,24,73,14,7,3,3,4.5
B0857LKWKY,2022,1,24,82,11,5,1,2,4.7
B082YG7FXK,2022,1,24,70,15,8,4,3,4.4
B08SSPQH1C,2022,1,24,82,10,4,1,3,4.7
B093CRB878,2022,1,24,72,8,0,8,12,4.2
B00MBOLWVE,2022,1,24,74,11,7,3,5,4.5
B07L6SWWRV,2022,1,24,84,9,3,2,3,4.7
B08LY62L11,2022,1,24,70,14,9,4,3,4.5
B002R59I1S,2022,1,24,72,14,5,3,6,4.4
B00CJFFOZU,2022,1,24,81,11,3,1,4,4.6
B07RJBKPH1,2022,1,24,81,10,4,2,3,4.6
B000YDYXBK,2022,1,24,73,16,5,3,3,4.5
B003USK3BA,2022,1,24,74,15,7,2,2,4.6
B07GSVH82J,2022,1,24,62,13,12,6,8,4.2
B07G2JYLTS,2022,1,24,71,12,7,5,6,4.4
B00SD8JO26,2022,1,24,81,12,4,1,1,4.7
B0861HX1HL,2022,1,24,75,11,5,3,6,4.5
B071WWK11X,2022,1,24,68,14,10,4,5,4.4
B014HAJ9F0,2022,1,24,65,14,10,5,6,4.3
B08544HR6S,2022,1,24,75,10,6,2,7,4.4
B09341NJ5W,2022,1,24,67,14,9,3,8,4.3
B01DCCC84S,2022,1,24,71,16,8,2,4,4.5
B006XMHPF2,2022,1,24,73,12,7,3,4,4.5
B00ALV8EL0,2022,1,24,74,13,7,3,3,4.5
B08GLJ41W7,2022,1,24,78,10,5,2,5,4.6
B094F914T6,2022,1,24,82,10,4,1,3,4.7
B00UK4VBC2,2022,1,24,80,11,4,2,3,4.6
B07JMYXRHD,2022,1,24,75,13,6,2,3,4.5
B002WTC3AW,2022,1,24,82,11,4,1,2,4.7
B00KJS9TTQ,2022,1,24,60,9,9,4,19,3.9
B08776SLJ3,2022,1,24,71,16,7,2,4,4.5
B01KNWRJY4,2022,1,24,81,9,4,2,4,4.6
B077XC65Y2,2022,1,24,69,13,8,3,7,4.3
B00BSG0S5W,2022,1,24,80,8,6,2,4,4.6
B08LY96NQZ,2022,1,24,66,16,9,4,5,4.3
B01BVV6CVM,2022,1,24,81,12,4,1,2,4.7
B076JK8PXX,2022,1,24,78,13,5,2,1,4.7
B01CCK1B1C,2022,1,24,66,16,10,4,4,4.4
B002V7T8BC,2022,1,24,68,13,8,3,8,4.3
B00HVKAYL2,2022,1,24,71,16,8,2,3,4.5
B07XPKYF2B,2022,1,24,78,13,5,2,3,4.6
B000NW84UI,2022,1,24,79,13,5,1,2,4.7
B07SBGST4Q,2022,1,24,81,11,3,2,3,4.7
B08D4DCB4G,2022,1,24,79,9,5,2,4,4.6
B084BW599K,2022,1,24,74,10,7,2,7,4.4
B00IPJW62I,2022,1,24,73,12,5,2,8,4.4
B00IYDZVEK,2022,1,24,60,32,8,0,0,4.5
B01FQ4BAY4,2022,1,24,80,10,4,2,3,4.6
B07XC2ZR86,2022,1,24,65,16,11,4,4,4.3
B000EGIFBQ,2022,1,24,81,12,4,1,2,4.7
B01DFK47EQ,2022,1,24,76,12,6,2,4,4.6
B01ACFFY6C,2022,1,24,83,10,4,1,2,4.7
B00ANSD2LI,2022,1,24,79,12,5,2,2,4.6
B07GQ5S5WX,2022,1,24,77,11,7,2,3,4.6
B000RYYI7K,2022,1,24,79,13,4,2,2,4.7
B07RD44V6Z,2022,1,24,79,11,4,2,4,4.6
B00BVO916I,2022,1,24,77,13,5,3,2,4.6
B000W5K1E8,2022,1,24,83,10,4,2,2,4.7
B096ZCY7K4,2022,1,24,80,11,0,8,0,4.6
B00N6T8UVS,2022,1,24,81,11,6,1,2,4.7
B082YG62JM,2022,1,24,76,12,7,2,3,4.5
B08J115RZL,2022,1,24,80,12,4,1,2,4.7
B09424YQJR,2022,1,24,69,14,9,4,3,4.4
B07CJMJS3L,2022,1,24,78,10,8,1,2,4.6
B00ZFNU71Y,2022,1,24,71,14,6,3,6,4.4
B09KT1DXWS,2022,1,24,63,11,0,0,26,3.8
B07DXJY5S4,2022,1,24,81,11,5,1,2,4.7
B0942CPCR1,2022,1,24,64,19,10,4,4,4.3
B084RMKLYT,2022,1,24,75,14,7,2,2,4.6
B082V2J13N,2022,1,24,76,12,5,3,4,4.5
B0784NY92P,2022,1,24,68,14,10,4,4,4.4
B084GD8L5Z,2022,1,24,67,17,10,2,4,4.4
B009G4P9AC,2022,1,24,82,7,5,2,4,4.6
B09BKNQWYM,2022,1,24,45,23,10,6,16,3.8
B06ZXS1HXR,2022,1,24,48,31,0,0,21,3.8
B08KFR8Q3P,2022,1,24,76,12,10,1,2,4.6
B00C0THEEE,2022,1,24,69,14,9,4,5,4.4
B084LJ7PKM,2022,1,24,80,11,4,2,2,4.6
B01D3L3VS0,2022,1,24,67,16,7,4,5,4.4
B0941YDPSW,2022,1,24,64,19,9,4,5,4.3
B0876WXL5R,2022,1,24,75,12,6,3,4,4.5
B08LY7Q2YC,2022,1,24,67,15,9,4,6,4.3
B000BTAVIQ,2022,1,24,74,9,7,5,4,4.4
B0891BGCKN,2022,1,24,80,10,5,2,3,4.6
B089165CCW,2022,1,24,70,13,8,3,6,4.4
B07NJNZYQT,2022,1,24,74,15,7,2,2,4.6
B08PFGZBZ7,2022,1,24,88,8,2,1,1,4.8
B09L1NYCZL,2022,1,24,55,26,16,0,3,4.3
B003ZC403S,2022,1,24,81,12,5,1,2,4.7
B07CTSS14R,2022,1,24,83,10,4,1,1,4.7
B07FK8YR27,2022,1,24,84,10,4,1,1,4.7
B01IMEJV5U,2022,1,24,79,12,5,1,2,4.7
B07PBTB187,2022,1,24,84,10,4,1,2,4.7
B07YYYSHVB,2022,1,24,77,13,6,1,2,4.6
B07VCVDRKG,2022,1,24,88,7,2,1,2,4.8
B000ODNSR0,2022,1,24,84,11,3,1,1,4.8
B07SX2QKL7,2022,1,24,84,10,3,1,2,4.7
B077TWXCQV,2022,1,24,74,15,7,2,2,4.6
B0846G318P,2022,1,24,89,8,2,0,1,4.8
B01IMDR5Y0,2022,1,24,79,12,5,2,2,4.6
B017610BG8,2022,1,24,71,15,8,3,3,4.5
B07J5JNT1P,2022,1,24,71,15,8,3,4,4.5
B08BJVHYSC,2022,1,24,84,9,4,1,2,4.7
B09K34RQXF,2022,1,24,76,12,5,2,4,4.5
B07HHHMJ6V,2022,1,24,69,15,9,3,4,4.4
B00BQYF21G,2022,1,24,82,11,4,1,1,4.7
B00CX1XAAG,2022,1,24,88,8,2,0,2,4.8
B00SK71SAG,2022,1,24,87,9,2,1,1,4.8
B00MEDOY2G,2022,1,24,87,9,3,1,1,4.8
B06XY9MNYY,2022,1,24,74,14,6,3,3,4.5
B082QB23YG,2022,1,24,75,13,7,2,3,4.5
B0011DJICG,2022,1,24,68,15,9,3,5,4.4
B001FB5TLI,2022,1,24,86,9,2,2,1,4.8
B00JF2JVYA,2022,1,24,86,10,2,0,1,4.8
B08BTK4L8J,2022,1,24,81,13,3,2,2,4.7
B08PFGZBZ7,2022,1,24,88,8,2,1,1,4.8
B07M9Z554Q,2022,1,24,72,15,7,3,3,4.5
B07SX2QKL7,2022,1,24,84,10,3,1,2,4.7
B00AY05WHW,2022,1,24,56,31,0,7,5,4.2
B00P7PHTBG,2022,1,24,84,9,3,1,3,4.7
B075X2KL5C,2022,1,24,83,11,4,1,2,4.7
B003ZYKUYY,2022,1,24,81,12,5,1,1,4.7
B00R1P82UW,2022,1,24,71,16,8,2,2,4.5
B00NNOWEXG,2022,1,24,74,12,6,3,4,4.5
B07DJ7G4DT,2022,1,24,73,16,7,2,3,4.5
B077YDZ75C,2022,1,24,71,13,8,3,6,4.4
B01MRR6Y9H,2022,1,24,77,12,7,2,2,4.6
B00EHD9872,2022,1,24,81,10,4,2,2,4.7
B07MDCQ3NZ,2022,1,24,88,9,2,0,1,4.8
B089C6D8W8,2022,1,24,78,14,6,1,1,4.7
B09BZYTRRV,2022,1,24,79,14,4,2,2,4.7
B00LCXS80S,2022,1,24,70,16,9,3,3,4.5
B0831KDC5K,2022,1,24,78,12,6,2,2,4.6
B004G853L8,2022,1,24,74,13,7,3,4,4.5
B07227L8DF,2022,1,24,84,8,3,1,3,4.7
B08DJXH77Z,2022,1,24,84,10,2,1,2,4.7
B014UUZ1FE,2022,1,24,81,12,4,1,2,4.7
B003USJXAM,2022,1,24,84,10,3,1,1,4.8
B00EX9L33C,2022,1,24,89,7,3,1,1,4.8
B000ORSY3Y,2022,1,24,72,13,9,4,3,4.5
B088XPFXNX,2022,1,24,72,15,8,2,3,4.5
B0011DN13I,2022,1,24,64,15,10,5,7,4.2
B07CJXG13J,2022,1,24,74,15,7,2,2,4.6
B07TRTR3QK,2022,1,24,69,18,8,3,2,4.5
B08M55SHS3,2022,1,24,72,17,7,1,3,4.5
B08PFGLHP6,2022,1,24,88,8,2,1,1,4.8
B077YDZ75C,2022,1,24,71,13,8,3,6,4.4
B09LVWJH3X,2022,1,24,55,26,16,0,3,4.3
B0037QGE9A,2022,1,24,75,9,5,2,8,4.4
B07CJXG13J,2022,1,24,74,15,7,2,2,4.6
B00JF2FKDG,2022,1,24,79,19,0,0,2,4.7
B09JB3TKKB,2022,1,24,86,7,0,0,7,4.6
B002TSA948,2022,1,24,83,10,3,1,2,4.7
B000VA7KIE,2022,1,24,83,8,5,2,3,4.7
B087Z5QTHR,2022,1,24,100,0,0,0,0,5
B01329XE2Q,2022,1,24,78,14,5,1,2,4.7
B082QBM463,2022,1,24,80,12,5,2,2,4.7
B095PTQ4Q8,2022,1,24,86,11,2,0,1,4.8
B076S9XDTJ,2022,1,24,83,10,4,1,2,4.7
B07G9K9FS8,2022,1,24,85,9,4,1,1,4.7
B01AT0CWF6,2022,1,24,82,12,4,1,1,4.7
B07FYK23Y4,2022,1,24,87,9,3,1,1,4.8
B07SX2P9G7,2022,1,24,84,10,4,1,1,4.8
B097C7KPNR,2022,1,24,0,0,0,0,0,0
B07RRT2FZ5,2022,1,24,74,13,8,3,2,4.5
B082QBYY9V,2022,1,24,74,14,7,2,3,4.6
B095J9B2H8,2022,1,24,81,10,5,2,1,4.7
B07FZ2ZX8W,2022,1,24,89,8,2,1,1,4.8
B00005UN92,2022,1,24,80,10,5,2,3,4.6
B082VKHR6Q,2022,1,24,86,9,3,1,1,4.8
B00BQYF220,2022,1,24,82,11,5,1,1,4.7
B001E96MPS,2022,1,24,80,12,4,2,2,4.7
B077SZYR3R,2022,1,24,86,10,2,1,1,4.8
B000UXPBJM,2022,1,24,80,6,8,2,4,4.5
B000OYJ990,2022,1,24,86,7,2,0,5,4.7
B000IZ8L2Q,2022,1,24,65,16,10,4,5,4.3
B002K8W1UC,2022,1,24,73,13,8,4,3,4.5
B08SCGPG6J,2022,1,24,39,43,9,10,0,4.1
B08PCRDG51,2022,1,24,78,14,4,1,3,4.6
B0119FXTOS,2022,1,24,87,7,3,1,1,4.8
B081R2Z2JJ,2022,1,24,81,11,3,1,3,4.7
B07V3GR1BP,2022,1,24,66,16,5,4,9,4.3
B00BAVLSHM,2022,1,24,93,5,1,1,1,4.9
B01MQGE4FL,2022,1,24,88,9,2,0,1,4.8
B079SN9H8F,2022,1,24,80,9,4,2,5,4.6
B01NCYSSOW,2022,1,24,81,11,5,1,1,4.7
B07Q58TC9F,2022,1,24,81,10,5,2,2,4.7
B017LXVKRA,2022,1,24,80,11,5,2,2,4.7
B01DVKRJSQ,2022,1,24,81,6,5,3,4,4.6
B08RD43V4H,2022,1,24,89,8,1,1,1,4.8
B082YVMH2N,2022,1,24,75,0,0,0,25,4
B01AT0D3MW,2022,1,24,84,10,3,1,1,4.8
B081R3C6L6,2022,1,24,85,10,2,1,2,4.7
B005C2NBD4,2022,1,24,75,12,7,2,4,4.5
B07FYK23Y4,2022,1,24,87,9,3,1,1,4.8
B07NJ1LXDZ,2022,1,24,91,9,0,0,0,4.9
B00DQSKVIO,2022,1,24,73,16,6,2,3,4.5
B08HJQR8MD,2022,1,24,69,16,9,3,4,4.4
B07FYV6WS3,2022,1,24,84,10,3,1,1,4.8
B00TDERQWO,2022,1,24,64,18,10,3,4,4.3
B00FSD47I0,2022,1,24,73,14,8,2,3,4.5
B0017IAF2M,2022,1,24,72,15,6,3,3,4.5
B0014CXCMG,2022,1,24,87,9,3,1,1,4.8
B09425Z232,2022,1,24,57,23,13,0,8,4.2
B097CBG9N5,2022,1,24,100,0,0,0,0,5
B0018MIT70,2022,1,24,71,13,8,3,6,4.4
B01LTHKZL6,2022,1,24,81,13,4,1,1,4.7
B08PLB1HRH,2022,1,24,89,8,2,1,1,4.8
B01ABM8XC8,2022,1,24,86,7,3,2,3,4.7
B00DQSKVIO,2022,1,24,73,16,6,2,3,4.5
B08HJQR8MD,2022,1,24,69,16,9,3,4,4.4
B07FYV6WS3,2022,1,24,84,10,3,1,1,4.8
B00U2VR1JA,2022,1,24,70,16,8,2,5,4.4
B071LHYS4J,2022,1,24,83,11,4,1,1,4.7
B00TDERQWO,2022,1,24,64,18,10,3,4,4.3
B00FSD47I0,2022,1,24,73,14,8,2,3,4.5
B0017IAF2M,2022,1,24,72,15,6,3,3,4.5
B00YNH6WLM,2022,1,24,80,11,5,1,3,4.6
B0014CXCMG,2022,1,24,87,9,3,1,1,4.8
B00CHTWNWU,2022,1,24,81,14,3,1,1,4.7
B01K4Q1P8U,2022,1,24,89,7,3,1,1,4.8
B08LR4DQLC,2022,1,24,88,8,2,1,1,4.8
B07FYLZ7GK,2022,1,24,87,9,3,0,1,4.8
B085C4KJL1,2022,1,24,100,0,0,0,0,5
B00XOQCHBW,2022,1,24,81,12,4,1,2,4.7
B00XDX7MQQ,2022,1,24,82,10,4,2,3,4.7
B08372XNYT,2022,1,24,85,11,3,1,1,4.8
B079QCV5KN,2022,1,24,86,9,3,1,1,4.8
B08P6XQ4DX,2022,1,24,80,11,5,1,2,4.7
B0784MZQZ9,2022,1,24,82,10,4,2,2,4.7
B077T2VVF2,2022,1,24,87,9,2,1,1,4.8
B07BMY4FXT,2022,1,24,75,14,6,2,2,4.6
B07ZDHB832,2022,1,24,79,14,4,1,2,4.7
B00127S53E,2022,1,24,79,13,5,2,1,4.7
B00GVG1CIQ,2022,1,24,84,10,3,1,1,4.7
B08B79QBC7,2022,1,24,79,12,7,2,0,4.7
B08HJQR8MD,2022,1,24,69,16,9,3,4,4.4
B07Z7X5VCV,2022,1,24,79,14,4,1,2,4.7
B095J9B2H8,2022,1,24,81,10,5,2,1,4.7
B072K1RYKJ,2022,1,24,66,16,9,4,5,4.4
B0871L1BLL,2022,1,24,90,5,1,1,3,4.8
B07J5JNT1P,2022,1,24,71,15,8,3,4,4.5
B00H5JGEJ0,2022,1,24,83,11,4,1,2,4.7
B000C1Z4XU,2022,1,24,85,8,4,2,1,4.7
B07ZPD63F6,2022,1,24,84,11,3,1,1,4.8
B07ZSCGB2B,2022,1,24,88,7,2,1,2,4.8
B07J57D73R,2022,1,24,69,18,8,3,2,4.5
B09JNZ41MF,2022,1,24,39,31,30,0,0,4.1
B083736JVN,2022,1,24,83,11,4,1,2,4.7
B08TKNMW1Z,2022,1,24,93,4,0,3,0,4.9
B08YPDSS52,2022,1,24,75,17,3,5,0,4.6
B07CYF63QX,2022,1,24,85,11,1,0,3,4.7
B00XAH0FFK,2022,1,24,82,10,4,2,2,4.7
B06XFY5YWP,2022,1,24,77,13,7,2,1,4.6
B0195E8B4I,2022,1,24,86,6,0,8,0,4.7
B079W94WGN,2022,1,24,78,14,5,1,2,4.6
B004P5OH3C,2022,1,24,80,11,4,2,3,4.6
B005EY2VQS,2022,1,24,82,9,5,1,3,4.7
B00OQ1ZKO0,2022,1,24,77,15,5,1,1,4.7
B01CPZOCOC,2022,1,24,69,13,8,5,5,4.4
B07TJG8P1W,2022,1,24,77,14,6,2,2,4.6
B083RCJS6Q,2022,1,24,68,16,8,4,4,4.4
B00B22BCJS,2022,1,24,78,10,6,3,3,4.6
B09BYH8T3L,2022,1,24,0,0,0,0,0,0
B004O2KHXK,2022,1,24,80,11,6,1,2,4.6
B07FZ2ZX8W,2022,1,24,89,8,2,1,1,4.8
B00R1P82UW,2022,1,24,71,16,8,2,2,4.5
B07K2Z4BFC,2022,1,24,75,11,10,5,0,4.6
B09KNZMM6D,2022,1,24,26,54,20,0,0,4.1
B001440150,2022,1,24,70,13,8,3,6,4.4
B07FTVQVPB,2022,1,24,87,8,2,1,2,4.8
B085CKG9VQ,2022,1,24,84,8,4,2,2,4.7
B07T6JFX6W,2022,1,24,69,17,8,3,3,4.5
B08TKNMW1Z,2022,1,24,93,4,0,3,0,4.9
B0002FCB6E,2022,1,24,77,13,7,2,1,4.6
B00J0AZU7Y,2022,1,24,85,10,3,1,1,4.8
B07ZSCGVJK,2022,1,24,86,8,4,1,1,4.8
B08KBBYTD7,2022,1,24,76,15,5,2,1,4.6
B07WQSSDZN,2022,1,24,79,11,6,2,2,4.6
B06XFLP11Z,2022,1,24,85,10,3,1,1,4.8
B07T9F63MQ,2022,1,24,82,8,5,3,3,4.6
B01ABM8A58,2022,1,24,90,5,1,3,1,4.8
B07NSR1CSP,2022,1,24,76,9,8,3,4,4.5
B01ABM77DE,2022,1,24,88,8,2,1,1,4.8
B084D75H5C,2022,1,24,70,13,7,5,5,4.4
B074XPCV4J,2022,1,24,87,9,2,0,2,4.8
B00SUYMY4I,2022,1,24,77,11,5,2,4,4.5
B01NCM2JI1,2022,1,24,85,9,4,1,1,4.8
B07YF5GQ4W,2022,1,24,77,13,6,2,2,4.6
B00DGDH51K,2022,1,24,73,16,3,6,3,4.5
B083FB44H8,2022,1,24,86,10,1,1,1,4.8
B0821KYMP6,2022,1,24,86,9,3,1,2,4.8
B078XXPH3S,2022,1,24,86,7,4,1,1,4.8
B01IAFHJMS,2022,1,24,77,11,6,2,3,4.6
B08WCK6YC1,2022,1,24,74,13,7,2,4,4.5
B07V27BX6R,2022,1,24,72,13,8,3,5,4.4
B097CBS3GD,2022,1,24,0,0,0,0,0,0
B00QJE8SKU,2022,1,24,85,11,2,0,2,4.8
B000Q43TQ2,2022,1,24,74,12,6,3,4,4.5
B08SR5V9N3,2022,1,24,83,13,2,2,0,4.8
B0743YVR3Q,2022,1,24,73,17,7,3,1,4.6
B004HFT6R2,2022,1,24,87,8,2,1,2,4.8
B00OGL25B6,2022,1,24,82,11,4,1,1,4.7
B08BTCCNPM,2022,1,24,81,14,4,1,1,4.7
B00GFYV6V2,2022,1,24,90,6,2,0,1,4.9
B00GI3GINQ,2022,1,24,85,8,2,1,5,4.7
B071YSN6JN,2022,1,24,64,18,11,4,3,4.4
B09CS1DWP7,2022,1,24,71,29,0,0,0,4.7
B07XMY541W,2022,1,24,85,8,5,1,2,4.7
B01IULBONC,2022,1,24,86,9,2,1,1,4.8
B00VAID10M,2022,1,24,75,13,8,2,3,4.5
B00HQLBTFG,2022,1,24,67,15,8,4,6,4.3
B00JF2PTIW,2022,1,24,80,14,4,0,2,4.7
B07ZZM6CKW,2022,1,24,82,7,5,2,4,4.6
B008UTFOG8,2022,1,24,83,8,3,2,4,4.6
B06XZZWTL6,2022,1,24,82,9,5,2,3,4.6
B00FYKZZ92,2022,1,24,79,8,6,3,5,4.5
B007IX8ARW,2022,1,24,91,6,1,1,0,4.9
B0779BMXTN,2022,1,24,85,10,3,1,2,4.7
B07NMR3RZP,2022,1,24,84,11,3,1,1,4.8
B08TLQ8JXH,2022,1,24,63,23,5,3,6,4.4
B002TSA91Q,2022,1,24,61,9,4,6,20,3.8
B082QBPDJC,2022,1,24,78,12,5,2,2,4.6
B08LFGWC3R,2022,1,24,88,8,2,1,1,4.8
B07Y7WS5K8,2022,1,24,74,13,7,3,3,4.5
B001440150,2022,1,24,70,13,8,3,6,4.4
B00SUYMY4I,2022,1,24,77,11,5,2,4,4.5
B01JA9NF0S,2022,1,24,74,11,7,2,5,4.5
B08D8VGDFM,2022,1,24,63,19,11,3,3,4.4
B00KFG8L0A,2022,1,24,82,10,4,2,2,4.7
B00A2EWQGU,2022,1,24,85,8,5,0,2,4.7
B000NI68E6,2022,1,24,72,12,6,4,6,4.4
B00TRKN2TU,2022,1,24,68,8,6,7,11,4.1
B082QBPDJB,2022,1,24,77,13,5,2,2,4.6
B01LZDJAOU,2022,1,24,82,11,4,1,2,4.7
B077T2VWS7,2022,1,24,89,8,2,1,1,4.8
B08373SD4C,2022,1,24,82,12,3,1,1,4.7
B00CS742VG,2022,1,24,0,0,0,0,0,0
B06XJ5XMV9,2022,1,24,85,9,3,1,1,4.8
B07VQJTT71,2022,1,24,57,24,11,3,5,4.2
B019SWM33M,2022,1,24,89,5,5,1,0,4.8
B08LFKZ9JF,2022,1,24,88,8,2,1,1,4.8
B099QXPTNQ,2022,1,24,73,13,9,2,3,4.5
B097C7S5RM,2022,1,24,0,0,0,0,0,0
B079P9J3T5,2022,1,24,73,15,5,4,3,4.5
B07CHDG8PZ,2022,1,24,80,12,5,1,2,4.7
B09L93GT8Y,2022,1,24,77,14,3,1,5,4.6
B07SPNSKGQ,2022,1,24,88,6,3,1,3,4.8
B01A5UANOW,2022,1,24,82,12,3,1,2,4.7
B012UCBDII,2022,1,24,91,6,2,0,1,4.8
B082YTXRRX,2022,1,24,77,12,6,2,3,4.6
B09PVRJCQJ,2022,1,24,0,0,0,0,0,0
B07MKS1C8B,2022,1,24,72,15,7,3,3,4.5
B0849PNX3Y,2022,1,24,78,10,6,3,4,4.6
B01N326I3S,2022,1,24,72,15,7,3,3,4.5
B07DQN73VN,2022,1,24,82,9,5,2,2,4.7
B0746R888P,2022,1,24,83,8,5,2,1,4.7
B09C6SQ1DM,2022,1,24,0,0,0,0,0,0
B0941XRHH7,2022,1,24,72,11,9,5,3,4.4
B000F8HYK6,2022,1,24,78,6,10,0,6,4.5
B075N8CDGT,2022,1,24,70,15,8,3,4,4.4
B001E96L2C,2022,1,24,82,10,5,1,2,4.7
B08LQ5FGBY,2022,1,24,88,9,2,0,1,4.8
B00MEDUKCE,2022,1,24,88,7,3,1,1,4.8
B01M4QMQ4B,2022,1,24,85,9,3,1,1,4.8
B004JC3PBQ,2022,1,24,84,11,3,1,1,4.7
B099HG2XJQ,2022,1,24,73,12,6,4,4,4.5
B074Y6JCF3,2022,1,24,74,12,7,3,4,4.5
B08B437225,2022,1,24,63,16,11,8,2,4.3
B07NLKSJV9,2022,1,24,76,16,8,0,0,4.7
B00RY22O6U,2022,1,24,79,10,7,1,3,4.6
B08PFFCSVL,2022,1,24,88,7,2,1,1,4.8
B07NJPSDL6,2022,1,24,65,18,11,4,3,4.4
B07DTJM47S,2022,1,24,89,8,2,0,1,4.8
B08PCPW8KL,2022,1,24,86,10,3,1,0,4.8
B003B6FFNC,2022,1,24,78,12,5,2,3,4.6
B08FTWMQ1P,2022,1,24,82,13,3,0,2,4.7
B06XZMB611,2022,1,24,81,11,5,1,2,4.7
B099R1X5YR,2022,1,24,64,21,6,9,0,4.4
B08TNXLWDR,2022,1,24,85,10,2,1,2,4.8
B00S5F6YM0,2022,1,24,82,11,2,2,3,4.7
B01CJ3HI0A,2022,1,24,81,9,10,0,0,4.7
B09LJ2RBH4,2022,1,24,65,18,18,0,0,4.5
B0000535UW,2022,1,24,74,12,6,3,4,4.5
B09KP23485,2022,1,24,26,54,20,0,0,4.1
B00J2AP9X2,2022,1,24,78,10,6,2,4,4.6
B08Q27DTBP,2022,1,24,73,15,7,2,3,4.5
B07HND6YC1,2022,1,24,67,9,0,0,24,4
B095PRJMLH,2022,1,24,80,4,6,4,6,4.5
B002LFLPQA,2022,1,24,76,12,7,2,4,4.5
B0777KRYCH,2022,1,24,59,13,13,6,10,4.1
B089FBPMC6,2022,1,24,63,16,11,4,6,4.3
B000PKK11I,2022,1,24,77,6,7,4,6,4.4
B08HDKHJK5,2022,1,24,71,13,8,3,5,4.4
B01M1NBFDD,2022,1,24,67,13,9,4,7,4.3
B083QNQQP9,2022,1,24,57,14,12,6,10,4
B00178I6O6,2022,1,24,78,11,7,2,3,4.6
B08QYF6698,2022,1,24,72,15,7,3,3,4.5
B07XVTVT4S,2022,1,24,73,14,8,3,3,4.5
B089FJBN4Z,2022,1,24,64,16,11,4,6,4.3
B004BJ5CAO,2022,1,24,76,12,6,2,3,4.6
B01M4K32OR,2022,1,24,66,17,13,2,3,4.4
B00IOWYHJ6,2022,1,24,56,13,12,7,12,3.9
B07NCNL3ZW,2022,1,24,68,13,9,5,6,4.3
B07P7KHZJL,2022,1,24,67,12,9,4,7,4.3
B095Y7JG32,2022,1,24,60,14,11,6,8,4.1
B073WZPJ2V,2022,1,24,67,16,8,3,6,4.3
B06XF16MWM,2022,1,24,69,13,8,4,6,4.3
B0032RMX3U,2022,1,24,88,7,3,1,1,4.8
B00PFCT5NG,2022,1,24,75,8,6,4,7,4.4
B0946PB9PB,2022,1,24,64,14,9,6,7,4.2
B07BMY1FK7,2022,1,24,76,10,6,3,5,4.5
B08RDQBTVD,2022,1,24,55,15,12,7,11,3.9
B09C8J6L29,2022,1,24,64,0,0,0,36,3.6
B098SF6WLC,2022,1,24,65,27,8,0,0,4.6
B09F8RD8H2,2022,1,24,49,7,11,12,21,3.5
B09FM3V16C,2022,1,24,59,18,14,6,2,4.3
B08MWH13BJ,2022,1,24,64,15,10,4,7,4.3
B00OW9NDKE,2022,1,24,71,12,8,3,5,4.4
B01J7DN304,2022,1,24,61,16,12,6,5,4.2
B01EZ8M6TA,2022,1,24,67,14,9,4,5,4.3
B082YQ521J,2022,1,24,56,15,13,6,10,4
B08H49XLQM,2022,1,24,72,13,8,3,4,4.5
B003KW1978,2022,1,24,84,8,4,0,4,4.7
B08J489QBS,2022,1,24,58,14,13,5,10,4.1
B00178RI0Y,2022,1,24,82,9,5,1,3,4.6
B01IAECEF6,2022,1,24,89,6,3,0,2,4.8
B009WI26RQ,2022,1,24,63,14,9,5,8,4.2
B075XG1WDB,2022,1,24,79,7,7,1,6,4.5
B00J2APS2Y,2022,1,24,78,10,6,2,4,4.6
B08SWHKGMF,2022,1,24,58,15,12,6,9,4.1
B09167GXBB,2022,1,24,72,16,7,5,0,4.6
B07GZY15MY,2022,1,24,68,15,8,4,5,4.4
B07XT1BNVH,2022,1,24,58,16,12,6,8,4.1
B001LFER98,2022,1,24,72,14,8,2,4,4.5
B09HL7XK4V,2022,1,24,100,0,0,0,0,5
B08L8ZFFKJ,2022,1,24,73,15,7,2,3,4.5
B01BAOEW62,2022,1,24,81,9,3,3,4,4.6
B08XY6R7B5,2022,1,24,90,0,0,0,10,4.6
B00P1IYUFM,2022,1,24,76,10,7,2,6,4.5
B00JFGR9CM,2022,1,24,68,12,9,0,12,4.2
B01BOM2ZWS,2022,1,24,82,5,8,5,0,4.6
B09K41S6Z6,2022,1,24,92,8,0,0,0,4.9
B098PBY9JJ,2022,1,24,48,12,13,10,16,3.7
B083QNQQP9,2022,1,24,57,14,12,6,10,4
B01GEWSZ8G,2022,1,24,58,14,11,10,7,4.1
B00JFGMBOS,2022,1,24,68,12,9,0,12,4.2
B07PVMFF8J,2022,1,24,79,9,4,2,5,4.5
B01ETXDQQI,2022,1,24,68,17,8,3,4,4.4
B07GNJH9ZQ,2022,1,24,87,8,2,2,1,4.8
B07QGK7WY4,2022,1,24,100,0,0,0,0,5
B08GG25RNF,2022,1,24,56,15,13,7,10,4
B07GNHV1WT,2022,1,24,83,2,9,4,3,4.6
B00178HDPO,2022,1,24,68,15,8,4,6,4.3
B00YFQ1JH8,2022,1,24,64,15,10,5,7,4.2
B01N2BCFHV,2022,1,24,74,13,6,2,5,4.5
B01AKZO9E2,2022,1,24,71,13,10,0,6,4.4
B07T3RFDJ5,2022,1,24,72,16,7,2,3,4.5
B07ZR3D79K,2022,1,24,75,13,6,2,4,4.5
B011XF0YQ0,2022,1,24,75,11,3,3,8,4.4
B09JS9XBB4,2022,1,24,34,33,33,0,0,4
B00J2AP9OG,2022,1,24,78,10,6,2,4,4.6
B000H3F9DI,2022,1,24,90,7,3,0,0,4.9
B078VNH5MR,2022,1,24,60,15,13,5,7,4.1
B07C74Q9J6,2022,1,24,71,10,9,4,6,4.3
B00SNNR88I,2022,1,24,73,13,7,3,4,4.5
B0894BB687,2022,1,24,53,11,15,9,11,3.9
B07KP46J7J,2022,1,24,54,14,13,8,11,3.9
B01LXFQPMI,2022,1,24,57,13,11,7,11,4
B01GC6UXBQ,2022,1,24,68,15,9,3,5,4.4
B00570GWCI,2022,1,24,87,6,2,2,3,4.7
B000H3CPNU,2022,1,24,81,6,11,0,2,4.6
B0006LNKKK,2022,1,24,77,13,5,1,4,4.6
B0006LNKFK,2022,1,24,72,17,5,2,3,4.5
B083724KFD,2022,1,24,74,12,7,3,4,4.5
B08GZ1FK71,2022,1,24,44,10,16,10,20,3.5
B082YPR3DF,2022,1,24,56,15,13,6,10,4
B092RDZ9Y6,2022,1,24,70,10,10,5,6,4.3
B01N02WPEW,2022,1,24,46,31,0,22,0,4
B00AX5X89M,2022,1,24,68,15,9,4,5,4.4
B000AM17X2,2022,1,24,80,11,3,3,3,4.6
B07BGJ59MR,2022,1,24,63,12,9,5,11,4.1
B07RR9VW3V,2022,1,24,72,21,4,0,4,4.6
B09JDWX3JQ,2022,1,24,0,0,0,0,0,0
B08GYZYNM8,2022,1,24,44,10,16,10,20,3.5
B08S78HB96,2022,1,24,58,16,12,5,9,4.1
B08S3K3R1Q,2022,1,24,55,16,13,6,10,4
B09KTMCMNY,2022,1,24,46,0,0,27,27,3.1
B001P2JZBC,2022,1,24,74,13,6,3,4,4.5
B01IJ6XS0U,2022,1,24,74,12,6,5,3,4.5
B000H3I408,2022,1,24,83,5,6,1,4,4.6
B00PL15X96,2022,1,24,79,8,6,1,6,4.5
B07KFQSP68,2022,1,24,75,13,8,3,0,4.6
B003VIWF4C,2022,1,24,65,22,13,0,0,4.5
B0006LNJZ6,2022,1,24,74,11,8,3,4,4.5
B07B4R4SDF,2022,1,24,64,14,11,5,6,4.3
B007WN4ZT0,2022,1,24,85,4,6,2,3,4.7
B095YH77P6,2022,1,24,54,14,14,6,13,3.9
B006WZ9X8M,2022,1,24,72,12,7,3,6,4.4
B075FZTK91,2022,1,24,64,15,11,5,6,4.3
B00ON1HJDS,2022,1,24,70,13,7,3,6,4.4
B09JMBLR8C,2022,1,24,0,0,0,0,0,0
B095M11PV8,2022,1,24,66,14,9,6,5,4.3
B01FT41XSO,2022,1,24,68,12,9,0,12,4.2
B07JRBVWZF,2022,1,24,56,44,0,0,0,4.6
B07PT9ZXX3,2022,1,24,48,15,16,10,11,3.8
B08SJVQSBS,2022,1,24,58,23,12,6,0,4.3
B08GYZYNM8,2022,1,24,44,10,16,10,20,3.5
B08S78HB96,2022,1,24,58,16,12,5,9,4.1
B08S3K3R1Q,2022,1,24,55,16,13,6,10,4
B08H3VTMQW,2022,1,24,72,14,8,3,4,4.5
B01MQZ89I9,2022,1,24,69,14,8,3,5,4.4
B002H950MA,2022,1,24,81,10,4,2,2,4.7
B074ZN8X96,2022,1,24,60,24,0,0,16,4.1
B01IJ6XS0U,2022,1,24,74,12,6,5,3,4.5
B000H3I408,2022,1,24,83,5,6,1,4,4.6
B00PL15X96,2022,1,24,79,8,6,1,6,4.5
B09MSXMMSM,2022,1,24,100,0,0,0,0,5
B09KTMCMNY,2022,1,24,46,0,0,27,27,3.1
B07KFQSP68,2022,1,24,75,13,8,3,0,4.6
B07G5CV1D2,2022,1,24,50,17,14,8,11,3.9
B00PFCT5U4,2022,1,24,78,10,7,2,3,4.6
B003VIWF4C,2022,1,24,65,22,13,0,0,4.5
B0006LNJZ6,2022,1,24,74,11,8,3,4,4.5
B07B4R4SDF,2022,1,24,64,14,11,5,6,4.3
B007WN4ZT0,2022,1,24,85,4,6,2,3,4.7
B095YH77P6,2022,1,24,54,14,14,6,13,3.9
B006WZ9X8M,2022,1,24,72,12,7,3,6,4.4
B075FZTK91,2022,1,24,64,15,11,5,6,4.3
B07GF7CQNG,2022,1,24,68,14,8,3,6,4.4
B00ON1HJDS,2022,1,24,70,13,7,3,6,4.4
B08371XGTF,2022,1,24,74,12,7,3,4,4.5
B01JZNFE3U,2022,1,24,68,17,8,3,4,4.4
B09G9GSY9Q,2022,1,24,0,34,32,0,35,2.6
B07MJHLLG1,2022,1,24,92,5,3,0,0,4.9
B004BCX924,2022,1,24,74,14,8,2,3,4.6
B07TTCVPDF,2022,1,24,56,18,12,5,8,4.1
B00GN0D2T2,2022,1,24,74,11,4,3,7,4.4
B09NM558Q1,2022,1,24,0,0,0,0,0,0
B09PBPM25Q,2022,1,24,73,12,8,6,0,4.5
B01E5279IO,2022,1,24,68,12,10,3,7,4.3
B00PFCTBG2,2022,1,24,82,7,6,2,2,4.6
B07PBM1D57,2022,1,24,68,13,9,4,5,4.3
B00CUGNRNY,2022,1,24,71,15,7,3,4,4.5
B07XTRWYTJ,2022,1,24,67,15,9,4,5,4.3
B07Z9X42QK,2022,1,24,68,17,8,3,4,4.4
B01LXFCBIE,2022,1,24,74,11,7,0,8,4.4
B00YJJWDEY,2022,1,24,64,10,10,7,9,4.1
B07GH5TRXC,2022,1,24,66,12,9,5,7,4.2
B00795ULZI,2022,1,24,68,15,5,7,5,4.3
B01IJ4F1NE,2022,1,24,76,10,8,3,3,4.5
B000H3GWX4,2022,1,24,86,0,5,4,6,4.6
B06XRTVGTF,2022,1,24,65,14,9,5,7,4.3
B00GW557GE,2022,1,24,63,10,11,9,7,4.1
B01BZON0DI,2022,1,24,88,4,4,3,2,4.7
B07GXD9ZG7,2022,1,24,73,11,9,2,5,4.4
B01JMYWY94,2022,1,24,74,19,0,7,0,4.6
B09FF8VVWT,2022,1,24,46,8,15,13,18,3.5
B00J2AWBWY,2022,1,24,78,10,6,2,4,4.6
B0121T4HTC,2022,1,24,84,3,6,6,0,4.6
B08N86XSLX,2022,1,24,69,9,8,9,5,4.3
B08C9LJQ2C,2022,1,24,83,11,4,1,1,4.7
B01ETXDSAW,2022,1,24,68,17,8,3,4,4.4
B00VV8MI4G,2022,1,24,0,0,0,0,0,0
B01BZON0DI,2022,1,24,88,4,4,3,2,4.7
B07GXD9ZG7,2022,1,24,73,11,9,2,5,4.4
B0000531XS,2022,1,24,77,13,3,3,4,4.6
B01JMYWY94,2022,1,24,74,19,0,7,0,4.6
B09FF8VVWT,2022,1,24,46,8,15,13,18,3.5
B013XCQ9CE,2022,1,24,65,9,9,6,11,4.1
B082QZMV9J,2022,1,24,68,14,8,4,6,4.3
B00SBRRCY6,2022,1,24,77,10,9,0,3,4.6
B07Z9WQ72J,2022,1,24,70,17,8,2,3,4.5
B0936ZJ8CT,2022,1,24,56,15,12,5,12,4
B0751G81SS,2022,1,24,100,0,0,0,0,5
B001ET76UI,2022,1,24,89,6,2,1,2,4.8
B00J2APPR2,2022,1,24,78,10,6,2,4,4.6
B00OW9NZOI,2022,1,24,78,0,7,10,5,4.4
B075FX6YHM,2022,1,24,77,12,6,2,3,4.6
B06XF138K1,2022,1,24,64,13,11,4,8,4.2
B07H446RSV,2022,1,24,66,15,9,4,6,4.3
B00COWAIG8,2022,1,24,73,16,4,7,0,4.6
B07956K99Z,2022,1,24,77,13,6,1,2,4.6
B003KCKBWW,2022,1,24,75,10,3,0,12,4.4
B004U4BSZ8,2022,1,24,78,10,5,3,4,4.6
B01MA3PT78,2022,1,24,82,9,3,2,4,4.6
B07JFBYSGY,2022,1,24,71,15,7,0,7,4.4
B01F2PA7WS,2022,1,24,76,14,5,3,2,4.6
B001G60HYQ,2022,1,24,85,10,2,1,2,4.7
B08SWHKGMF,2022,1,24,58,15,12,6,9,4.1
B08JCCZ42F,2022,1,24,52,0,28,21,0,3.8
B09JMG938D,2022,1,24,0,0,0,0,0,0
B017JX57PI,2022,1,24,68,12,8,6,7,4.3
B07PSF6SSZ,2022,1,24,84,9,3,1,2,4.7
B01IJ46MGO,2022,1,24,78,10,6,2,4,4.6
B000H76QXG,2022,1,24,77,11,7,0,5,4.6
B01DPA8BDY,2022,1,24,65,18,9,4,4,4.4
B0861N2NCM,2022,1,24,66,15,9,3,6,4.3
B0006LNKYG,2022,1,24,78,7,8,2,4,4.5
B01AXVQS0G,2022,1,24,73,10,4,5,8,4.4
B08NBDC6DK,2022,1,24,43,10,14,9,24,3.4
B00IALDH4C,2022,1,24,66,14,8,5,8,4.3
B08T8DVMSF,2022,1,24,60,16,10,4,10,4.1
B0169YZ06O,2022,1,24,74,12,6,2,5,4.5
B01IJ2ZB0O,2022,1,24,80,12,8,0,0,4.7
B00C2QTYEI,2022,1,24,68,15,8,4,5,4.4
B09DCR4GWH,2022,1,24,51,15,13,6,15,3.8
B002YLT6J4,2022,1,24,83,9,5,2,2,4.7
B014N4Q02A,2022,1,24,76,8,8,3,6,4.5
B001KYTWBI,2022,1,24,82,8,5,2,4,4.6
B08LNZWX14,2022,1,24,73,14,7,2,4,4.5
B00PFCTF8Q,2022,1,24,83,8,7,0,2,4.7
B00I48BHWU,2022,1,24,65,10,9,6,10,4.1
B00PFCT8FQ,2022,1,24,77,9,5,2,6,4.5
B0000531XP,2022,1,24,84,9,4,1,1,4.7
B01IAE1M1I,2022,1,24,83,10,3,0,5,4.7
B09NMKXNPP,2022,1,24,0,0,0,0,0,0
B09JMC281J,2022,1,24,0,0,0,0,0,0
B08BT4DDYG,2022,1,24,62,19,16,0,3,4.4
B00VV8RG0W,2022,1,24,0,0,0,0,0,0
B01FT41Y6U,2022,1,24,68,12,9,0,12,4.2
B00A9ZF51K,2022,1,24,76,5,8,5,7,4.4
B09F52GLY5,2022,1,24,73,0,13,0,13,4.2
B006XD1UGG,2022,1,24,79,9,6,2,3,4.6
B07NQL35VN,2022,1,24,66,15,0,14,5,4.2
B07FB1G3WX,2022,1,24,60,19,13,3,4,4.3
B09KGLVPRN,2022,1,24,63,19,8,5,5,4.3
B07D2WHKD8,2022,1,24,81,8,0,0,11,4.5
B01GAH60FU,2022,1,24,68,12,10,0,10,4.3
B095VR949F,2022,1,24,73,11,7,4,5,4.4
B07QCCFRJN,2022,1,24,48,0,0,0,52,2.9
B00PXK9YHW,2022,1,24,72,28,0,0,0,4.7
B07R8TJ7WV,2022,1,24,56,14,14,7,10,4
B07P38F57X,2022,1,24,56,15,13,7,9,4
B07HN5ZTLX,2022,1,24,78,10,6,2,4,4.6
B08THJJW6M,2022,1,24,57,16,12,5,9,4.1
B09N5HJPWZ,2022,1,24,0,0,0,0,0,0
B07CGPNSSZ,2022,1,24,71,9,9,3,8,4.3
B000RODU5Q,2022,1,24,83,8,5,2,2,4.7
B00PFCTF8Q,2022,1,24,83,8,7,0,2,4.7
B001G60HTG,2022,1,24,81,9,6,1,2,4.7
B014I408PK,2022,1,24,65,12,4,4,14,4.1
B0047ERQH0,2022,1,24,76,13,7,0,4,4.6
B003UNCFKM,2022,1,24,76,9,6,5,4,4.5
B07N31HBVR,2022,1,24,69,14,6,5,6,4.4
B08VJ91BKW,2022,1,24,59,15,9,7,10,4.1
B01BUH8IWS,2022,1,24,71,4,15,5,5,4.3
B09JYJ6VCY,2022,1,24,38,20,20,6,15,3.6
B09HSKGW3S,2022,1,24,80,4,6,4,6,4.5
B00VV8RIO6,2022,1,24,0,0,0,0,0,0
B00AYCOTA6,2022,1,24,78,9,6,3,4,4.6
B08PQD5GSM,2022,1,24,81,12,2,2,2,4.7
B00Q26VIES,2022,1,24,77,9,5,3,6,4.5
B08MJ5BR7D,2022,1,24,56,18,14,4,9,4.1
B004679G7G,2022,1,24,74,12,7,2,5,4.5
B001P2KA7K,2022,1,24,81,11,4,1,3,4.7
B084R8DQSM,2022,1,24,80,10,5,3,2,4.6
B0047ELJVY,2022,1,24,84,6,8,1,1,4.7
B07ZR123ZP,2022,1,24,62,15,11,4,7,4.2
B07D9TLJFR,2022,1,24,100,0,0,0,0,5
B01N7LELCA,2022,1,24,63,14,11,5,7,4.2
B07VC8HBPC,2022,1,24,57,15,13,6,9,4
B00021DEOQ,2022,1,24,81,10,3,2,3,4.6
B018WCT01C,2022,1,24,57,14,12,7,11,4
B071Z1FSF3,2022,1,24,76,17,0,0,7,4.6
B01LXFQVGV,2022,1,24,72,11,8,3,7,4.4
B0067JHQDM,2022,1,24,75,14,6,1,3,4.6
B004XJNSRQ,2022,1,24,91,0,0,0,9,4.6
B00NT9FSBU,2022,1,24,82,8,5,2,3,4.6
B00E6EMOH8,2022,1,24,67,11,5,6,11,4.2
B07FKLPSP8,2022,1,24,64,14,12,4,6,4.3
B09KLQ4T9W,2022,1,24,63,12,7,7,10,4.1
B07J2LSB4B,2022,1,24,73,14,14,0,0,4.6
B00PFCT8HY,2022,1,24,73,11,5,4,7,4.4
B099THJBKP,2022,1,24,34,24,19,18,6,3.6
B00H028RB0,2022,1,24,0,0,0,0,0,0
B08TT1RRGP,2022,1,24,68,17,6,3,6,4.4
B01N34SBQS,2022,1,24,64,14,6,4,11,4.2
B01EX8ATKK,2022,1,24,61,16,5,4,14,4.1
B074JT3698,2022,1,24,71,16,5,2,5,4.5
B00X528FNE,2022,1,24,60,19,6,4,10,4.2
B09FSK4FWJ,2022,1,24,49,20,7,0,24,3.7
B07PV198QC,2022,1,24,63,15,9,4,9,4.2
B07F245PS1,2022,1,24,60,15,9,4,11,4.1
B084T9Y6JG,2022,1,24,51,16,8,14,11,3.8
B09CDL23RD,2022,1,24,61,16,5,9,9,4.1
B083V6K8RH,2022,1,24,73,13,5,2,7,4.4
B0811Q28N6,2022,1,24,67,15,8,4,7,4.3
B08N1KMSZ7,2022,1,24,50,29,22,0,0,4.3
B0811Q28N6,2022,1,24,67,15,8,4,7,4.3
B083643D8X,2022,1,24,73,15,4,2,6,4.5
B07Q5R22DV,2022,1,24,63,16,8,4,9,4.2
B09D3GN2P1,2022,1,24,74,12,9,0,4,4.5
B07H4B75YL,2022,1,24,64,6,8,5,17,3.9
B08TT1RRGP,2022,1,24,68,17,6,3,6,4.4
B07VCHVTCM,2022,1,24,66,15,6,4,9,4.2
B07X59Y5Q7,2022,1,24,66,14,5,4,11,4.2
B09BZ9R416,2022,1,24,100,0,0,0,0,5
B09BZC98DW,2022,1,24,0,0,0,0,100,1
B09FJRP89C,2022,1,24,73,12,4,3,8,4.4
B084T8QHNX,2022,1,24,64,5,11,8,13,4
B098WVKF19,2022,1,24,73,13,5,3,5,4.5
B09FJRP89C,2022,1,24,73,12,4,3,8,4.4
B088B6372Z,2022,1,24,43,14,16,8,19,3.5
B086ML686Q,2022,1,24,64,18,8,3,7,4.3
B07VXNH138,2022,1,24,62,19,10,4,6,4.3
B08QYY3JBZ,2022,1,24,55,16,11,7,11,4
B08DNLHGWR,2022,1,24,72,13,5,3,7,4.4
B08QCBPJF2,2022,1,24,61,16,7,4,12,4.1
B08LTWG5LG,2022,1,24,60,18,10,4,8,4.2
B09KTCTK7F,2022,1,24,61,11,4,9,16,3.9
B07M8P8Q2Y,2022,1,24,46,16,10,6,21,3.6
B07SZNL2WT,2022,1,24,64,19,6,4,7,4.3
B09H6D3CS5,2022,1,24,79,15,6,0,0,4.7
B07ZT78BYP,2022,1,24,74,12,5,3,5,4.5
B08L9C1XC3,2022,1,24,74,11,5,4,6,4.4
B08H5MHJ2K,2022,1,24,60,17,9,6,9,4.1
B09FFCXK6R,2022,1,24,73,10,6,5,7,4.4
B09DCTN5ZS,2022,1,24,84,7,0,0,8,4.6
B09CDL23RD,2022,1,24,61,16,5,9,9,4.1
B08B11L5QL,2022,1,24,42,24,18,17,0,3.9
B09B9VKLJM,2022,1,24,42,18,0,20,20,3.4
B084TBF5YM,2022,1,24,39,18,10,9,24,3.4
B07FCSMJZB,2022,1,24,68,11,3,8,11,4.2
B09DG8BL6R,2022,1,24,60,18,9,7,7,4.2
B091PRCJ5Y,2022,1,24,63,14,9,3,11,4.2
B0742J69SQ,2022,1,24,72,14,5,2,7,4.4
B09BQMTY49,2022,1,24,58,21,5,2,13,4.1
B08D99BF63,2022,1,24,71,13,7,3,7,4.4
B07RLTXMWS,2022,1,24,56,11,7,4,21,3.8
B09BQMTY49,2022,1,24,58,21,5,2,13,4.1
B09H71LDRK,2022,1,24,50,17,6,13,13,3.8
B09NJKVQSQ,2022,1,24,0,0,0,0,0,0
B0919C2VMW,2022,1,24,62,14,5,4,14,4.1
B07QDYZM75,2022,1,24,62,15,9,3,11,4.1
B09GFPXR3H,2022,1,24,62,19,9,0,10,4.2
B08CXWDBTY,2022,1,24,70,14,6,3,7,4.4
B08DRLY2R1,2022,1,24,66,17,7,3,7,4.3
B091XVDTP4,2022,1,24,45,0,27,29,0,3.6
B0931YZ82P,2022,1,24,69,15,6,3,7,4.4
B09GTW3SHX,2022,1,24,58,9,20,0,13,4
B09NPMXSQ5,2022,1,24,76,11,6,1,5,4.5
B09HKQR7J1,2022,1,24,89,5,0,0,6,4.7
B08CXWDBTY,2022,1,24,70,14,6,3,7,4.4
B099WP97RW,2022,1,24,63,18,3,6,10,4.2
B07WS1NHFP,2022,1,24,52,15,14,9,9,3.9
B077B25H9K,2022,1,24,54,22,14,5,5,4.2
B09GFT3D9Q,2022,1,24,61,13,16,10,0,4.2
B07PSDXMNV,2022,1,24,64,15,8,3,10,4.2
B07NFFX7BQ,2022,1,24,65,14,5,5,11,4.2
B09CYT2KPX,2022,1,24,68,10,10,3,8,4.3
B09JMP3TR1,2022,1,24,68,16,16,0,0,4.5
B09LLYHZJQ,2022,1,24,83,0,0,17,0,4.5
B09GFTH2NF,2022,1,24,55,25,8,7,5,4.2
B08QCM7FL1,2022,1,24,61,16,7,4,12,4.1
B07XB78LTH,2022,1,24,57,22,10,3,8,4.2
B09CPNZ7ST,2022,1,24,47,0,18,0,34,3.3
B07ZPGSKLS,2022,1,24,71,13,5,3,8,4.4
B083SLMBZM,2022,1,24,61,18,10,4,8,4.2
B09FSHPD5S,2022,1,24,0,100,0,0,0,4
B07QSHWNBF,2022,1,24,58,18,10,5,9,4.1
B093WV9C46,2022,1,24,54,23,8,5,9,4.1
B098WVKF19,2022,1,24,73,14,5,3,5,4.5
B09B4Q4DP9,2022,1,24,49,17,23,4,7,4
B08DM16FC4,2022,1,24,65,16,4,3,13,4.2
B09B8YYXFY,2022,1,24,43,23,13,4,17,3.7
B07FQM3V3J,2022,1,24,71,15,6,3,6,4.4
B09B9VKLJM,2022,1,24,42,18,0,20,20,3.4
B08LZJ8GMH,2022,1,24,66,17,7,4,6,4.3
B077W23BGS,2022,1,24,62,13,8,5,12,4.1
B07ZF9FK6W,2022,1,24,72,13,6,3,5,4.4
B09G2SXJBX,2022,1,24,63,12,8,12,4,4.2
B09FF9CM1F,2022,1,24,46,41,0,0,12,4.1
B08L9F7HNJ,2022,1,24,76,13,5,2,5,4.5
B09G6J5PQD,2022,1,24,0,0,0,0,0,0
B09N3RS6N4,2022,1,24,100,0,0,0,0,5
B09BL2P1PM,2022,1,24,45,16,9,6,24,3.5
B09C5MLDMS,2022,1,24,70,20,3,3,5,4.5
B09DY8Y8KS,2022,1,24,73,12,2,3,9,4.4
B07V5QFLZJ,2022,1,24,54,18,15,0,13,4
B099NKZMNM,2022,1,24,62,14,6,6,11,4.1
B09D3GN2P1,2022,1,24,74,12,9,0,4,4.5
B00QAZFR2A,2022,1,24,68,14,9,5,5,4.4
B07SRQH4R7,2022,1,24,75,14,4,2,5,4.5
B09C5MLDMS,2022,1,24,70,20,3,3,5,4.5
B098T1MP11,2022,1,24,56,30,0,14,0,4.3
B07NJQ89D5,2022,1,25,70,16,8,2,4,4.5
B000MD65FO,2022,1,25,84,10,3,1,2,4.7
B091DB16R7,2022,1,25,80,8,5,3,4,4.6
B09H3RK75S,2022,1,25,82,18,0,0,0,4.8
B008J2GP9G,2022,1,25,78,12,5,2,3,4.6
B00FH692PQ,2022,1,25,64,18,9,3,5,4.3
B000TGC8D2,2022,1,25,72,15,7,3,3,4.5
B01N97PCBH,2022,1,25,74,15,7,2,2,4.6
B002KG28PW,2022,1,25,81,11,4,1,2,4.7
B00943D1JQ,2022,1,25,87,7,2,1,3,4.8
B07N3BN1KS,2022,1,25,74,12,7,3,4,4.5
B000MD65FO,2022,1,25,84,10,3,1,2,4.7
B08BTNS4K8,2022,1,25,82,12,4,1,1,4.7
B07T2L6JR1,2022,1,25,76,12,6,2,3,4.6
B000W5K1E8,2022,1,25,83,10,4,2,2,4.7
B07VW5GMLD,2022,1,25,70,14,8,4,5,4.4
B07CJMJS3L,2022,1,25,78,10,8,1,2,4.6
B00C5AHTVQ,2022,1,25,83,9,4,1,2,4.7
B07M6HP787,2022,1,25,74,14,6,2,3,4.5
B01DZSM0HY,2022,1,25,80,7,3,1,8,4.5
B00ILBUEVK,2022,1,25,85,9,3,1,2,4.8
B078H4HXSM,2022,1,25,83,8,5,2,2,4.7
B0842YG95G,2022,1,25,78,13,5,2,2,4.6
B082G1PXB3,2022,1,25,75,12,7,3,3,4.5
B017GGC9BI,2022,1,25,73,13,8,3,3,4.5
B00PKV38IU,2022,1,25,87,8,2,1,1,4.8
B08T47QVNR,2022,1,25,87,7,3,1,2,4.8
B086S4Q7JH,2022,1,25,83,10,4,1,2,4.7
B082YGK39W,2022,1,25,75,11,7,2,4,4.5
B0784P7P16,2022,1,25,72,12,8,3,4,4.5
B07NQ69L7P,2022,1,25,80,12,5,2,2,4.7
B00OO0J9UY,2022,1,25,78,13,5,2,2,4.6
B0009I4MKW,2022,1,25,80,11,4,2,3,4.6
B079RJ4Y7B,2022,1,25,74,13,6,3,4,4.5
B074VLGVJ3,2022,1,25,80,12,5,1,2,4.7
B07K4S4J66,2022,1,25,66,15,9,4,6,4.3
B001E96P28,2022,1,25,77,13,7,1,1,4.6
B07D37PQGL,2022,1,25,85,8,3,1,2,4.7
B0087PWY86,2022,1,25,80,13,4,1,1,4.7
B0007CXXYG,2022,1,25,82,10,4,1,2,4.7
B01MDTVV6T,2022,1,25,73,15,7,2,3,4.5
B08LHXJTDW,2022,1,25,86,8,3,1,2,4.8
B07F38LXDM,2022,1,25,88,9,2,0,1,4.8
B00C5AHTVQ,2022,1,25,83,9,4,1,2,4.7
B01LZG17UO,2022,1,25,83,11,4,1,1,4.7
B094KVYZSC,2022,1,25,65,16,7,7,5,4.3
B004W498AS,2022,1,25,67,16,9,3,4,4.4
B01M1NFFUV,2022,1,25,78,9,7,2,4,4.6
B0891843GC,2022,1,25,86,8,3,1,2,4.7
B007Y06Z4O,2022,1,25,73,13,7,3,5,4.5
B01M2DNKV7,2022,1,25,83,11,4,1,1,4.7
B08BTKBVWT,2022,1,25,75,13,6,2,3,4.5
B0007X749U,2022,1,25,84,9,4,1,2,4.7
B01INE0KAY,2022,1,25,83,11,4,1,1,4.7
B07F39WRKX,2022,1,25,84,11,3,1,1,4.8
B07HMVMTN6,2022,1,25,67,17,9,3,3,4.4
B07HRNLW6V,2022,1,25,58,14,12,6,10,4
B005NOPU2G,2022,1,25,84,10,3,1,2,4.7
B07GQM62WM,2022,1,25,55,18,12,5,10,4
B0038TXGL0,2022,1,25,76,13,5,2,3,4.6
B001EO5WYU,2022,1,25,73,13,7,3,4,4.5
B01LFQYXBO,2022,1,25,77,13,6,2,2,4.6
B08BTKBVWT,2022,1,25,75,13,6,2,3,4.5
B08P5Y3C6X,2022,1,25,63,15,12,5,5,4.3
B001P1ZEJK,2022,1,25,78,15,4,2,1,4.7
B00LPLQIKO,2022,1,25,74,15,6,1,5,4.5
B002WTC3AW,2022,1,25,82,11,4,1,2,4.7
B00JWSNNRI,2022,1,25,84,8,4,1,3,4.7
B07F39WZQP,2022,1,25,84,11,3,1,1,4.8
B08RG6WLK3,2022,1,25,100,0,0,0,0,5
B087QZXBLH,2022,1,25,83,8,4,2,4,4.7
B079TH68RF,2022,1,25,77,12,6,2,2,4.6
B08RG1LQGL,2022,1,25,100,0,0,0,0,5
B0098QPV3I,2022,1,25,81,9,4,2,4,4.6
B000F4EMP0,2022,1,25,84,9,3,1,2,4.7
B008Q8XKL4,2022,1,25,79,12,5,1,2,4.7
B08P5Y1TVK,2022,1,25,62,15,14,4,6,4.2
B07SBGST4Q,2022,1,25,81,11,3,2,3,4.7
B08SSCH7YR,2022,1,25,73,15,7,2,3,4.5
B072MGQVG4,2022,1,25,77,14,6,1,2,4.6
B08918B4NQ,2022,1,25,70,13,8,3,6,4.4
B0899JDQLB,2022,1,25,78,10,4,4,4,4.5
B01N1KSKHG,2022,1,25,86,9,3,0,1,4.8
B0009I4MKW,2022,1,25,80,11,4,2,3,4.6
B001E96OUQ,2022,1,25,85,9,2,2,2,4.7
B00TBJSRLA,2022,1,25,81,12,5,1,1,4.7
B076S6KMY9,2022,1,25,73,15,7,2,3,4.5
B078K4PKKR,2022,1,25,72,14,7,3,4,4.5
B00IK1CJZU,2022,1,25,85,9,3,1,2,4.8
B07H3CZHJ5,2022,1,25,81,9,4,2,3,4.6
B01INE0P6I,2022,1,25,80,13,4,1,1,4.7
B09LRLLFMX,2022,1,25,100,0,0,0,0,5
B07BNQVWJW,2022,1,25,83,9,4,1,2,4.7
B07NQCBRL1,2022,1,25,72,14,8,2,4,4.5
B07F38N6H6,2022,1,25,83,12,3,1,1,4.8
B077X5F5T9,2022,1,25,70,14,4,5,7,4.4
B00FA3QLUA,2022,1,25,74,12,7,3,5,4.5
B008OL3UYK,2022,1,25,65,15,9,4,7,4.3
B0007CXY5E,2022,1,25,84,10,3,1,2,4.7
B094KT28DV,2022,1,25,66,15,9,3,7,4.3
B07CJ61W74,2022,1,25,84,8,5,2,2,4.7
B01M36CJSJ,2022,1,25,82,12,4,1,2,4.7
B008OL3WZC,2022,1,25,66,14,9,5,7,4.3
B0829QRGPF,2022,1,25,74,15,6,2,3,4.6
B06Y2DT2GJ,2022,1,25,74,14,6,2,3,4.5
B07NFSPQ2H,2022,1,25,88,9,2,0,1,4.8
B0011DP24Y,2022,1,25,65,13,9,4,8,4.2
B08SYKRMLY,2022,1,25,75,10,7,4,5,4.5
B00WDR9SZQ,2022,1,25,75,12,6,3,4,4.5
B019SDPN5G,2022,1,25,78,12,6,2,3,4.6
B01H6OXQFS,2022,1,25,82,12,5,1,1,4.7
B00QCW31QU,2022,1,25,75,12,6,3,5,4.5
B088P7K3GN,2022,1,25,84,8,8,0,0,4.8
B000BIUGUU,2022,1,25,77,10,7,2,4,4.5
B01CSKTVPO,2022,1,25,80,14,4,1,1,4.7
B00AINMFAC,2022,1,25,76,14,7,2,2,4.6
B07XGTMQLF,2022,1,25,82,8,4,1,5,4.6
B00ZPQ129C,2022,1,25,82,8,4,2,5,4.6
B08NVK6NS6,2022,1,25,73,13,8,2,5,4.5
B0067YU4KO,2022,1,25,76,12,7,2,3,4.6
B08SSCPPD8,2022,1,25,59,17,11,4,8,4.2
B08D4DCB4G,2022,1,25,80,9,5,2,4,4.6
B08T7MS7RJ,2022,1,25,73,15,7,2,3,4.5
B094F7D4HS,2022,1,25,82,9,4,1,3,4.7
B08SYKRMLY,2022,1,25,75,10,7,4,5,4.5
B07B64P5FX,2022,1,25,81,11,4,1,3,4.7
B00WDR9SZQ,2022,1,25,75,12,6,3,4,4.5
B019SDPN5G,2022,1,25,78,12,6,2,3,4.6
B01H6OXQFS,2022,1,25,82,12,5,1,1,4.7
B00QCW31QU,2022,1,25,75,12,6,3,5,4.5
B088P7K3GN,2022,1,25,84,8,8,0,0,4.8
B08KSMQ4BK,2022,1,25,71,15,7,4,3,4.5
B000BIUGUU,2022,1,25,77,10,7,2,4,4.5
B01CSKTVPO,2022,1,25,80,14,4,1,1,4.7
B00AINMFAC,2022,1,25,76,14,7,2,2,4.6
B007MFITC2,2022,1,25,73,7,11,3,5,4.4
B00FH692PQ,2022,1,25,64,18,9,3,5,4.3
B08SSRQW2V,2022,1,25,83,9,4,1,2,4.7
B08SSCPQF7,2022,1,25,73,11,7,3,6,4.4
B07XGTMQLF,2022,1,25,82,8,4,1,5,4.6
B00ZPQ129C,2022,1,25,82,8,4,2,5,4.6
B07PDNSPD6,2022,1,25,72,14,8,3,4,4.5
B01868BEAW,2022,1,25,65,11,9,5,10,4.2
B00KVT477M,2022,1,25,91,5,2,2,1,4.8
B01MFGP4ET,2022,1,25,82,11,4,1,1,4.7
B0857LTYZ2,2022,1,25,84,11,3,1,1,4.8
B00L00E2NU,2022,1,25,84,10,4,1,1,4.7
B00MBOLWVE,2022,1,25,74,11,7,3,5,4.5
B0753Q75KZ,2022,1,25,77,12,6,2,3,4.6
B08BTMWBNS,2022,1,25,86,10,2,0,2,4.8
B078K4YMXR,2022,1,25,74,12,6,4,5,4.5
B0891BG2PY,2022,1,25,83,8,4,2,4,4.7
B005NOPU2G,2022,1,25,84,10,3,1,2,4.7
B08SSCH7YS,2022,1,25,80,11,4,2,3,4.6
B00C5AHTAC,2022,1,25,73,13,7,3,4,4.5
B00DQSKQXE,2022,1,25,71,13,7,4,5,4.4
B07HMJTH7G,2022,1,25,74,15,7,3,2,4.5
B00BGVM95Q,2022,1,25,78,13,4,2,2,4.6
B00C7QH98Q,2022,1,25,86,8,3,1,2,4.8
B000RK9XLA,2022,1,25,77,14,5,1,3,4.6
B002LMBLTY,2022,1,25,75,14,6,2,3,4.6
B079RJ4Y7B,2022,1,25,74,13,6,3,4,4.5
B0743CZWCP,2022,1,25,69,12,9,4,7,4.3
B077RWDFM5,2022,1,25,71,14,8,4,4,4.5
B002WTC3C0,2022,1,25,82,10,4,1,3,4.7
B01ACFFY6C,2022,1,25,82,10,4,1,2,4.7
B002R59I1S,2022,1,25,72,14,5,3,6,4.4
B09H3RK75S,2022,1,25,82,18,0,0,0,4.8
B00ALV8EL0,2022,1,25,74,13,7,3,4,4.5
B01M7R4XW0,2022,1,25,87,9,2,1,1,4.8
B0052P1B7O,2022,1,25,75,13,6,2,4,4.5
B01KSC5XA6,2022,1,25,69,11,8,4,8,4.3
B07NJQ89D5,2022,1,25,70,16,8,2,4,4.5
B00I1OTTJK,2022,1,25,78,11,6,2,3,4.6
B08KQKQ8NB,2022,1,25,67,15,7,5,5,4.3
B084LJ5XJ3,2022,1,25,81,12,4,1,2,4.7
B004H0UGUS,2022,1,25,72,11,8,3,6,4.4
B00U1JHWR4,2022,1,25,79,9,6,3,4,4.6
B08WSC8WDR,2022,1,25,82,11,4,1,2,4.7
B08P5Y9KQG,2022,1,25,67,17,7,4,4,4.4
B00UK4VBC2,2022,1,25,80,11,4,2,3,4.6
B01AP9F7WQ,2022,1,25,75,13,6,2,3,4.5
B08SSFFH6N,2022,1,25,75,13,6,2,3,4.5
B08SSCP46J,2022,1,25,79,10,5,2,3,4.6
B01IA9DPB8,2022,1,25,90,7,2,1,0,4.9
B08M4GXGFJ,2022,1,25,66,16,9,4,4,4.4
B08SSCH7YR,2022,1,25,73,15,7,2,3,4.5
B0048F5ATO,2022,1,25,76,12,6,2,3,4.6
B08RG15SLJ,2022,1,25,58,9,11,5,17,3.9
B0792Q3ZH2,2022,1,25,78,14,4,1,2,4.7
B07571LXYD,2022,1,25,75,13,6,2,3,4.6
B07SBGP7KG,2022,1,25,79,10,6,2,2,4.6
B07BY7VJVP,2022,1,25,60,13,15,6,6,4.2
B00EHD9872,2022,1,25,81,10,4,2,2,4.7
B07L8NSBXC,2022,1,25,82,12,4,1,0,4.8
B014AP7TZE,2022,1,25,77,10,6,3,4,4.5
B000NW84UI,2022,1,25,80,13,5,1,2,4.7
B094F4PT6F,2022,1,25,80,11,5,2,3,4.6
B08P5YT5TC,2022,1,25,65,13,9,9,2,4.3
B00OKME7S0,2022,1,25,80,11,5,1,2,4.7
B08LR3HN72,2022,1,25,76,15,5,2,3,4.6
B09BZNY3RH,2022,1,25,83,9,3,1,3,4.7
B016NEOL8I,2022,1,25,60,16,11,6,7,4.1
B01M4IUJV0,2022,1,25,67,18,10,3,3,4.4
B08BTG8NQC,2022,1,25,76,15,5,1,3,4.6
B07NVQVZL4,2022,1,25,82,13,3,1,2,4.7
B00ADRGWNE,2022,1,25,75,14,6,2,3,4.5
B08LHX596H,2022,1,25,75,16,5,2,2,4.6
B07XFW5GKH,2022,1,25,84,7,4,2,3,4.7
B075CYCPX4,2022,1,25,75,15,6,2,3,4.6
B0857LKWKY,2022,1,25,82,11,5,1,2,4.7
B01LYU99RO,2022,1,25,79,9,6,1,5,4.6
B019HCFWIG,2022,1,25,68,12,9,4,7,4.3
B09LRLCRC9,2022,1,25,0,50,50,0,0,3.5
B0861HCQLQ,2022,1,25,77,11,7,2,2,4.6
B0752FXRQJ,2022,1,25,73,14,7,3,3,4.5
B01LYSM4FZ,2022,1,25,83,11,4,1,1,4.7
B009ZBMVHU,2022,1,25,72,14,7,3,4,4.5
B08LY62L11,2022,1,25,70,14,9,4,3,4.5
B093CRB878,2022,1,25,72,8,0,8,12,4.2
B000YDYXBK,2022,1,25,73,16,5,3,3,4.5
B07L6SWWRV,2022,1,25,84,9,3,2,3,4.7
B082YG7FXK,2022,1,25,69,16,8,3,3,4.4
B08W8Q7NBS,2022,1,25,63,22,5,3,8,4.3
B000VHCGMM,2022,1,25,85,6,4,1,4,4.7
B07Z25YP4C,2022,1,25,48,18,7,9,18,3.7
B07RJBKPH1,2022,1,25,81,10,4,2,3,4.6
B00X1ME00U,2022,1,25,78,12,6,2,2,4.6
B078T2GMSF,2022,1,25,78,13,3,3,4,4.6
B012P630DA,2022,1,25,72,14,6,2,5,4.5
B01MR7DHBA,2022,1,25,68,15,9,4,5,4.4
B07XB2Q542,2022,1,25,70,15,8,3,4,4.4
B003USK3BA,2022,1,25,74,15,7,2,2,4.6
B0861HX1HL,2022,1,25,75,11,5,3,6,4.5
B014HAJ9F0,2022,1,25,65,15,10,5,6,4.3
B00LSV7ZQ2,2022,1,25,69,14,7,4,6,4.4
B086CP746H,2022,1,25,73,12,7,3,5,4.5
B01DCCC84S,2022,1,25,71,16,8,2,4,4.5
B000W5K1E8,2022,1,25,83,10,4,2,2,4.7
B00ALV8EL0,2022,1,25,74,13,7,3,4,4.5
B094F914T6,2022,1,25,82,10,4,1,3,4.7
B00BVO916I,2022,1,25,77,13,5,3,2,4.6
B07L63W7R1,2022,1,25,75,15,3,2,5,4.5
B0042X83UA,2022,1,25,85,9,3,1,2,4.7
B006XMHPF2,2022,1,25,73,12,7,3,4,4.5
B08544HR6S,2022,1,25,75,10,6,2,7,4.4
B077XC65Y2,2022,1,25,69,13,8,3,7,4.3
B00SD8JO26,2022,1,25,81,12,4,1,1,4.7
B00IPJW62I,2022,1,25,73,12,5,2,8,4.4
B084BW599K,2022,1,25,74,10,7,2,7,4.4
B071WWK11X,2022,1,25,68,14,10,4,5,4.4
B01BVV6CVM,2022,1,25,81,12,4,1,2,4.7
B084GD8L5Z,2022,1,25,67,17,10,2,4,4.4
B00BSG0S5W,2022,1,25,80,8,6,2,4,4.6
B08LY96NQZ,2022,1,25,66,16,9,3,5,4.3
B08NZS39ZM,2022,1,25,70,19,8,1,2,4.5
B005DUA4US,2022,1,25,80,13,5,1,2,4.7
B089256TRC,2022,1,25,79,12,4,2,2,4.7
B07RD44V6Z,2022,1,25,79,11,4,2,4,4.6
B076JK8PXX,2022,1,25,79,13,5,2,1,4.7
B07GSVH82J,2022,1,25,62,13,12,6,8,4.2
B07CJMJS3L,2022,1,25,78,10,8,1,2,4.6
B07XPKYF2B,2022,1,25,78,13,5,2,3,4.6
B002V7T8BC,2022,1,25,68,13,8,3,8,4.3
B01LKZ0Q20,2022,1,25,76,13,5,2,4,4.5
B00HVKAYL2,2022,1,25,71,15,8,2,3,4.5
B00KJS9TTQ,2022,1,25,60,9,9,4,19,3.9
B01FQ4BAY4,2022,1,25,80,10,4,2,3,4.6
B08776SLJ3,2022,1,25,71,16,7,2,4,4.5
B07GQ5S5WX,2022,1,25,77,11,7,2,3,4.6
B000RYYI7K,2022,1,25,78,13,5,2,2,4.6
B08GLK9QFK,2022,1,25,80,10,5,2,3,4.6
B097YJZLPR,2022,1,25,65,17,10,4,5,4.3
B001I80NO6,2022,1,25,78,13,5,1,2,4.6
B07G2JYLTS,2022,1,25,71,12,7,5,6,4.4
B01DFK47EQ,2022,1,25,77,12,6,2,4,4.6
B00N6T8UVS,2022,1,25,80,11,6,1,2,4.7
B07RD44V6Z,2022,1,25,79,11,4,2,4,4.6
B0942CPCR1,2022,1,25,63,19,11,4,4,4.3
B082YG62JM,2022,1,25,76,12,7,2,3,4.5
B09424YQJR,2022,1,25,69,14,9,4,3,4.4
B01KNWRJY4,2022,1,25,81,9,4,2,4,4.6
B00ZFNU71Y,2022,1,25,71,14,6,3,6,4.4
B00UOLCK4E,2022,1,25,77,13,6,2,2,4.6
B08J115RZL,2022,1,25,80,12,4,1,2,4.7
B07MFFDK7Z,2022,1,25,80,10,4,2,5,4.6
B07DXJY5S4,2022,1,25,81,11,5,1,2,4.7
B000EGIFBQ,2022,1,25,81,12,4,1,2,4.7
B00IYDZVEK,2022,1,25,60,32,8,0,0,4.5
B07XC2ZR86,2022,1,25,65,16,11,4,4,4.3
B00UB6DSXO,2022,1,25,75,13,7,1,4,4.6
B084RMKLYT,2022,1,25,75,14,7,2,2,4.6
B00UTUTURK,2022,1,25,76,11,5,4,4,4.5
B009D0XY5Q,2022,1,25,69,14,10,3,4,4.4
B08KFR8Q3P,2022,1,25,76,12,10,1,2,4.6
B09KT1DXWS,2022,1,25,58,17,0,0,24,3.9
B0876WXL5R,2022,1,25,75,12,6,3,4,4.5
B01MTJ7FGJ,2022,1,25,74,14,7,3,4,4.5
B08NXTW7QP,2022,1,25,75,17,0,0,8,4.5
B083Q1VCCX,2022,1,25,79,9,7,3,2,4.6
B07NJNZYQT,2022,1,25,74,15,7,2,2,4.6
B08PFGZBZ7,2022,1,25,88,8,2,1,1,4.8
B003ZC403S,2022,1,25,81,12,5,1,2,4.7
B09L1NYCZL,2022,1,25,54,27,15,0,3,4.3
B07CTSS14R,2022,1,25,83,10,4,1,1,4.7
B07FK8YR27,2022,1,25,84,10,4,1,1,4.7
B01IMEJV5U,2022,1,25,79,12,5,1,2,4.7
B077TWXCQV,2022,1,25,74,15,7,2,2,4.6
B07PBTB187,2022,1,25,84,10,3,1,2,4.7
B07VCVDRKG,2022,1,25,88,7,3,1,2,4.8
B07YYYSHVB,2022,1,25,77,13,6,1,2,4.6
B000ODNSR0,2022,1,25,84,11,3,1,1,4.8
B07SX2QKL7,2022,1,25,84,10,3,1,2,4.7
B01IMDR5Y0,2022,1,25,79,12,5,2,2,4.6
B08PFGZBZ7,2022,1,25,88,8,2,1,1,4.8
B07HHHMJ6V,2022,1,25,69,15,9,3,4,4.4
B07J5JNT1P,2022,1,25,71,15,8,3,4,4.5
B07MKS1C8B,2022,1,25,72,15,7,3,3,4.5
B07SX2QKL7,2022,1,25,84,10,3,1,2,4.7
B00BQYF21G,2022,1,25,82,11,4,1,1,4.7
B00BAVLSHM,2022,1,25,93,5,1,1,1,4.9
B00CX1XAAG,2022,1,25,88,8,2,0,1,4.8
B017610BG8,2022,1,25,71,15,8,3,3,4.5
B00MEDOY2G,2022,1,25,87,9,3,1,1,4.8
B00SK71SAG,2022,1,25,87,9,2,1,1,4.8
B082QB23YG,2022,1,25,75,13,7,2,3,4.5
B0011DJICG,2022,1,25,68,15,9,3,5,4.4
B001FB5TLI,2022,1,25,86,9,2,2,1,4.8
B08BTK4L8J,2022,1,25,80,13,3,2,2,4.7
B075X2KL5C,2022,1,25,83,11,4,1,2,4.7
B003ZYKUYY,2022,1,25,81,12,5,1,1,4.7
B08BJVHYSC,2022,1,25,84,9,4,1,2,4.7
B0037QGE9A,2022,1,25,75,9,5,2,8,4.4
B07FYK23Y4,2022,1,25,87,9,3,1,1,4.8
B00R1P82UW,2022,1,25,71,16,8,2,3,4.5
B07DJ7G4DT,2022,1,25,73,16,7,2,3,4.5
B01MRR6Y9H,2022,1,25,77,12,7,2,2,4.6
B00NNOWEXG,2022,1,25,74,12,6,3,5,4.5
B077YDZ75C,2022,1,25,71,13,8,3,5,4.4
B07MDCQ3NZ,2022,1,25,88,9,2,0,1,4.8
B00JF2JVYA,2022,1,25,86,10,2,0,1,4.8
B0846G318P,2022,1,25,89,8,2,0,1,4.8
B09BZYTRRV,2022,1,25,79,14,4,2,2,4.7
B00LCXS80S,2022,1,25,70,16,9,3,3,4.5
B004G853L8,2022,1,25,74,13,7,3,4,4.5
B089C6D8W8,2022,1,25,78,14,6,1,1,4.7
B003B6JDZS,2022,1,25,76,12,6,2,4,4.5
B0831KDC5K,2022,1,25,78,12,6,2,2,4.6
B00P7PHTBG,2022,1,25,84,9,2,1,3,4.7
B08DJXH77Z,2022,1,25,84,10,2,1,2,4.7
B07227L8DF,2022,1,25,84,8,3,1,3,4.7
B014UUZ1FE,2022,1,25,81,12,4,1,2,4.7
B00EX9L33C,2022,1,25,89,7,3,1,1,4.8
B003USJXAM,2022,1,25,84,10,3,1,1,4.8
B000UXPBJM,2022,1,25,80,6,8,2,4,4.5
B000ORSY3Y,2022,1,25,72,13,9,4,3,4.5
B00OQ1ZKO0,2022,1,25,77,15,5,1,1,4.7
B0011DN13I,2022,1,25,64,15,10,5,7,4.2
B07TRTR3QK,2022,1,25,69,18,8,3,2,4.5
B07NSR1CSP,2022,1,25,76,9,8,3,4,4.5
B08PFGLHP6,2022,1,25,88,8,2,1,1,4.8
B077YDZ75C,2022,1,25,71,13,8,3,5,4.4
B09LVWJH3X,2022,1,25,54,27,15,0,3,4.3
B07M9Z554Q,2022,1,25,72,15,7,3,3,4.5
B088XPFXNX,2022,1,25,72,15,8,2,3,4.5
B07NJNZYQT,2022,1,25,74,15,7,2,2,4.6
B002TSA948,2022,1,25,83,10,3,1,2,4.7
B09JB3TKKB,2022,1,25,86,7,0,0,7,4.7
B087Z5QTHR,2022,1,25,100,0,0,0,0,5
B01KCJCV5U,2022,1,25,89,6,4,0,1,4.8
B01329XE2Q,2022,1,25,78,14,5,1,2,4.7
B079SN9H8F,2022,1,25,80,9,4,2,5,4.6
B000VA7KIE,2022,1,25,83,8,5,2,3,4.7
B082QBM463,2022,1,25,80,12,5,2,2,4.7
B00JF2FKDG,2022,1,25,79,19,0,0,2,4.7
B07G9K9FS8,2022,1,25,85,9,4,1,1,4.7
B000Q43TQ2,2022,1,25,74,12,6,3,5,4.5
B08SCGPG6J,2022,1,25,39,43,9,10,0,4.1
B08PCRDG51,2022,1,25,78,13,4,1,3,4.6
B095PTQ4Q8,2022,1,25,85,11,2,0,1,4.8
B07RRT2FZ5,2022,1,25,74,13,8,3,2,4.5
B01AT0CWF6,2022,1,25,82,12,4,1,1,4.7
B076S9XDTJ,2022,1,25,83,10,4,1,2,4.7
B07FZ2ZX8W,2022,1,25,89,8,2,1,1,4.8
B095J9B2H8,2022,1,25,81,10,5,2,1,4.7
B00005UN92,2022,1,25,80,10,5,2,3,4.6
B082QBYY9V,2022,1,25,74,14,7,2,3,4.6
B00BQYF220,2022,1,25,82,11,5,1,1,4.7
B001E96MPS,2022,1,25,80,12,4,2,2,4.7
B082VKHR6Q,2022,1,25,86,9,3,1,1,4.8
B077SZYR3R,2022,1,25,86,10,2,1,2,4.8
B01ABM8XC8,2022,1,25,86,7,3,2,3,4.7
B097C7KPNR,2022,1,25,0,0,0,0,0,0
B07Y7WS5K8,2022,1,25,74,13,7,3,3,4.5
B08372XNYT,2022,1,25,85,11,3,1,1,4.8
B079QCV5KN,2022,1,25,86,9,3,1,1,4.8
B07Q58TC9F,2022,1,25,80,10,6,2,2,4.7
B000OYJ990,2022,1,25,86,7,2,0,5,4.7
B07V3GR1BP,2022,1,25,66,16,5,4,9,4.3
B08RD43V4H,2022,1,25,89,8,1,1,1,4.8
B01NCYSSOW,2022,1,25,81,11,5,1,1,4.7
B081R2Z2JJ,2022,1,25,81,11,3,1,3,4.7
B017LXVKRA,2022,1,25,80,11,5,2,2,4.7
B0882J35YS,2022,1,25,79,14,5,2,1,4.7
B081R3C6L6,2022,1,25,85,10,2,1,2,4.7
B00TDERQWO,2022,1,25,64,18,10,3,4,4.3
B0119FXTOS,2022,1,25,87,7,3,1,1,4.8
B01MQGE4FL,2022,1,25,88,9,2,0,1,4.8
B00T54VIB2,2022,1,25,74,14,6,2,3,4.5
B00DQSKVIO,2022,1,25,73,16,6,2,3,4.5
B005C2NBD4,2022,1,25,75,12,7,2,4,4.5
B0977GN6SP,2022,1,25,73,19,0,0,8,4.5
B07FYK23Y4,2022,1,25,87,9,3,1,1,4.8
B08HJQR8MD,2022,1,25,69,16,9,3,4,4.4
B004JC3PBQ,2022,1,25,84,11,3,1,1,4.7
B0014CXCMG,2022,1,25,87,9,3,1,1,4.8
B01K4Q1P8U,2022,1,25,89,7,3,1,1,4.8
B0784MZQZ9,2022,1,25,82,10,4,2,2,4.7
B07CHDG8PZ,2022,1,25,80,12,5,1,2,4.7
B07FYLZ7GK,2022,1,25,87,9,3,0,1,4.8
B08LFKZ9JF,2022,1,25,88,8,2,1,1,4.8
B0018MIT70,2022,1,25,71,13,8,3,5,4.4
B0000535UW,2022,1,25,74,12,6,3,5,4.5
B08PLB1HRH,2022,1,25,89,8,2,1,1,4.8
B005C2NBD4,2022,1,25,75,12,7,2,4,4.5
B0977GN6SP,2022,1,25,73,19,0,0,8,4.5
B07FYK23Y4,2022,1,25,87,9,3,1,1,4.8
B08HJQR8MD,2022,1,25,69,16,9,3,4,4.4
B004JC3PBQ,2022,1,25,84,11,3,1,1,4.7
B00GVG1CIQ,2022,1,25,84,10,3,1,1,4.7
B00U2VR1JA,2022,1,25,70,16,8,2,5,4.4
B0014CXCMG,2022,1,25,87,9,3,1,1,4.8
B071LHYS4J,2022,1,25,83,11,4,1,1,4.7
B01K4Q1P8U,2022,1,25,89,7,3,1,1,4.8
B0784MZQZ9,2022,1,25,82,10,4,2,2,4.7
B0762LKWS5,2022,1,25,86,9,2,1,2,4.8
B097CBG9N5,2022,1,25,100,0,0,0,0,5
B095J9B2H8,2022,1,25,81,10,5,2,1,4.7
B07Z7X5VCV,2022,1,25,79,14,4,1,2,4.7
B08TKNMW1Z,2022,1,25,93,4,0,3,0,4.9
B00FSD47I0,2022,1,25,73,14,8,2,3,4.5
B07NJ1LXDZ,2022,1,25,91,9,0,0,0,4.9
B000C1Z4XU,2022,1,25,85,8,4,2,1,4.7
B005EY2VQS,2022,1,25,82,9,5,1,3,4.7
B0017IAF2M,2022,1,25,72,15,6,3,3,4.5
B00XDX7MQQ,2022,1,25,82,10,4,2,3,4.7
B01DVKRJSQ,2022,1,25,82,6,5,3,4,4.6
B08B79QBC7,2022,1,25,80,12,7,2,0,4.7
B00127S53E,2022,1,25,79,13,5,2,1,4.7
B00XOQCHBW,2022,1,25,81,12,4,1,2,4.7
B072K1RYKJ,2022,1,25,66,16,9,4,5,4.4
B097CBS3GD,2022,1,25,0,0,0,0,0,0
B09BYH8T3L,2022,1,25,0,0,0,0,0,0
B07Y1L2SH3,2022,1,25,59,16,14,6,6,4.2
B07J57D73R,2022,1,25,69,18,8,3,2,4.5
B077T2VVF2,2022,1,25,87,9,2,1,1,4.8
B07BMY4FXT,2022,1,25,75,14,6,2,2,4.6
B07FYV6WS3,2022,1,25,84,10,3,1,1,4.8
B07ZDHB832,2022,1,25,79,14,4,1,2,4.7
B06XFY5YWP,2022,1,25,77,13,7,2,1,4.6
B004P5OH3C,2022,1,25,79,11,5,2,2,4.6
B079W94WGN,2022,1,25,78,14,5,1,2,4.6
B07ZSCGB2B,2022,1,25,88,7,2,1,2,4.8
B07J5JNT1P,2022,1,25,71,15,8,3,4,4.5
B083736JVN,2022,1,25,83,11,4,1,2,4.7
B00XAH0FFK,2022,1,25,82,10,4,2,2,4.7
B09JNZ41MF,2022,1,25,39,31,30,0,0,4.1
B0871L1BLL,2022,1,25,90,5,1,1,3,4.8
B07CHDG8PZ,2022,1,25,80,12,5,1,2,4.7
B085CKG9VQ,2022,1,25,84,8,4,2,2,4.7
B00CHTWNWU,2022,1,25,81,14,3,1,1,4.7
B00L7S3FJ2,2022,1,25,80,12,5,2,2,4.7
B07TJG8P1W,2022,1,25,77,14,6,2,2,4.6
B00B22BCJS,2022,1,25,78,10,6,3,3,4.6
B001ES6XM6,2022,1,25,78,11,5,1,5,4.6
B00OQ1ZKO0,2022,1,25,77,15,5,1,1,4.7
B01CPZOCOC,2022,1,25,69,13,8,5,5,4.4
B07T9F63MQ,2022,1,25,82,8,5,3,3,4.6
B078FZK37R,2022,1,25,76,7,4,5,8,4.4
B07CZ4B3RF,2022,1,25,82,8,4,2,4,4.6
B00NNOWEXG,2022,1,25,74,12,6,3,5,4.5
B07FZ2ZX8W,2022,1,25,89,8,2,1,1,4.8
B099QXY7C7,2022,1,25,74,12,9,2,3,4.5
B097C7S5RM,2022,1,25,0,0,0,0,0,0
B08YPDSS52,2022,1,25,75,17,3,5,0,4.6
B00H5JGEJ0,2022,1,25,83,11,4,1,2,4.7
B06XFLP11Z,2022,1,25,85,10,3,1,1,4.8
B07CYF63QX,2022,1,25,85,11,1,0,3,4.7
B07FTVQVPB,2022,1,25,87,8,2,1,2,4.8
B08PCRDG51,2022,1,25,78,13,4,1,3,4.6
B08P6XQ4DX,2022,1,25,81,11,5,1,2,4.7
B074XPCV4J,2022,1,25,87,9,2,0,2,4.8
B00OSLFFHU,2022,1,25,87,9,1,1,2,4.8
B06XJ5XMV9,2022,1,25,85,9,3,1,1,4.8
B001440150,2022,1,25,70,13,8,3,6,4.4
B0743YVR3Q,2022,1,25,73,16,7,3,1,4.6
B01LTHKZL6,2022,1,25,81,13,4,1,1,4.7
B01ABM8A58,2022,1,25,90,5,1,3,1,4.8
B083RCJS6Q,2022,1,25,68,16,8,4,4,4.4
B084D75H5C,2022,1,25,70,13,8,5,5,4.4
B07Y7WS5K8,2022,1,25,74,13,7,3,3,4.5
B07WQSSDZN,2022,1,25,79,11,6,2,2,4.6
B07YF5GQ4W,2022,1,25,77,13,6,2,2,4.6
B0821KYMP6,2022,1,25,86,9,3,1,2,4.8
B00DGDH51K,2022,1,25,73,16,3,6,3,4.5
B083FB44H8,2022,1,25,86,10,1,1,1,4.8
B00VAID10M,2022,1,25,75,13,8,2,3,4.5
B007Y06Y3G,2022,1,25,78,10,6,3,3,4.6
B08WCK6YC1,2022,1,25,74,13,7,2,4,4.5
B08SR5V9N3,2022,1,25,83,13,2,2,0,4.8
B09425Z232,2022,1,25,61,21,11,0,7,4.3
B095XKGJHB,2022,1,25,48,19,15,10,8,3.9
B072K1RYKJ,2022,1,25,66,16,9,4,5,4.4
B07HCSMFWG,2022,1,25,82,11,4,1,3,4.7
B07XMY541W,2022,1,25,85,8,5,1,2,4.7
B00SUYMY4I,2022,1,25,77,11,5,2,4,4.5
B00OGL25B6,2022,1,25,82,11,4,1,1,4.7
B002TSA91Q,2022,1,25,61,9,4,6,20,3.9
B08BTCCNPM,2022,1,25,81,13,4,1,1,4.7
B00J0AZU7Y,2022,1,25,85,10,3,1,1,4.8
B07ZSCGVJK,2022,1,25,86,8,4,1,1,4.8
B09CS1DWP7,2022,1,25,71,29,0,0,0,4.7
B00A2EWQGU,2022,1,25,85,8,5,0,2,4.7
B01IAFHJMS,2022,1,25,77,11,6,2,3,4.6
B07V27BX6R,2022,1,25,72,13,8,3,5,4.5
B0002FCB6E,2022,1,25,77,13,7,3,1,4.6
B01NCM2JI1,2022,1,25,85,9,4,1,1,4.8
B07ZPD63F6,2022,1,25,84,11,3,1,1,4.8
B078XXPH3S,2022,1,25,86,7,4,1,1,4.8
B01IULBONC,2022,1,25,86,9,2,1,2,4.8
B09PVRJCQJ,2022,1,25,0,0,0,0,0,0
B07ZZM6CKW,2022,1,25,82,7,5,2,4,4.6
B000NI68E6,2022,1,25,72,12,6,4,6,4.4
B07NMR3RZP,2022,1,25,84,11,3,1,1,4.8
B0779BMXTN,2022,1,25,85,10,3,1,2,4.7
B00GFYV6V2,2022,1,25,91,6,2,0,1,4.9
B004HFT6R2,2022,1,25,87,8,2,1,2,4.8
B08LFGWC3R,2022,1,25,88,8,2,1,1,4.8
B01ABM77DE,2022,1,25,88,8,2,1,1,4.8
B0000535UU,2022,1,25,74,12,6,3,5,4.5
B099QXPTNQ,2022,1,25,74,12,9,2,3,4.5
B00QJE8SKU,2022,1,25,85,11,2,0,2,4.8
B000N7981C,2022,1,25,82,8,6,4,0,4.7
B00GI3GINQ,2022,1,25,85,8,2,1,5,4.7
B01A5UANOW,2022,1,25,82,12,3,1,2,4.7
B07V6KNBXK,2022,1,25,82,11,4,1,2,4.7
B008UTFOG8,2022,1,25,83,8,3,2,4,4.6
B007IX8ARW,2022,1,25,91,6,1,1,0,4.9
B01LVZ4AYO,2022,1,25,100,0,0,0,0,5
B01IAFJD2W,2022,1,25,85,8,3,3,2,4.7
B071YSN6JN,2022,1,25,64,18,11,4,3,4.4
B07FM3BM1J,2022,1,25,83,9,5,1,2,4.7
B08LQ5FGBY,2022,1,25,87,10,2,0,1,4.8
B0195E8B4I,2022,1,25,86,6,0,8,0,4.7
B00HQLBTFG,2022,1,25,67,15,8,4,6,4.3
B08X5ZHNKY,2022,1,25,0,100,0,0,0,4
B082QBPDJB,2022,1,25,77,14,5,2,2,4.6
B01LZDJAOU,2022,1,25,82,11,4,1,2,4.7
B08373SD4C,2022,1,25,82,12,3,1,1,4.7
B00CS742VG,2022,1,25,0,0,0,0,0,0
B01MZ3KID0,2022,1,25,81,13,4,1,1,4.7
B082QBPDJC,2022,1,25,78,12,5,2,2,4.6
B075N8CDGT,2022,1,25,70,15,8,3,4,4.4
B079P9J3T5,2022,1,25,73,15,5,4,3,4.5
B00KFG8L0A,2022,1,25,82,10,4,2,2,4.7
B01M4QMQ4B,2022,1,25,85,9,3,1,1,4.8
B07SPNSKGQ,2022,1,25,88,6,3,1,3,4.8
B00RY22O6U,2022,1,25,79,10,7,1,3,4.6
B001440150,2022,1,25,70,13,8,3,6,4.4
B086Z5VHJM,2022,1,25,80,10,5,2,3,4.6
B07N13S5Y4,2022,1,25,74,15,6,0,5,4.5
B085S719J8,2022,1,25,65,17,10,4,4,4.3
B099R1X5YR,2022,1,25,64,21,6,9,0,4.4
B07T6JFX6W,2022,1,25,69,17,8,3,3,4.5
B09L93GT8Y,2022,1,25,77,14,3,1,5,4.6
B00FYKZZ92,2022,1,25,79,8,6,3,5,4.5
B01N326I3S,2022,1,25,72,15,7,3,3,4.5
B07NLKSJV9,2022,1,25,76,16,8,0,0,4.7
B07DQN73VN,2022,1,25,82,9,5,2,2,4.7
B08TLQ8JXH,2022,1,25,63,23,5,3,6,4.4
B00EHD9872,2022,1,25,81,10,4,2,2,4.7
B082YTXRRX,2022,1,25,77,12,6,2,3,4.6
B012UCBDII,2022,1,25,91,6,2,0,1,4.8
B07H3ZHFXK,2022,1,25,74,15,7,2,2,4.6
B0849PNX3Y,2022,1,25,78,10,6,3,4,4.6
B08PFFCSVL,2022,1,25,88,8,2,1,1,4.8
B08PCPW8KL,2022,1,25,86,10,3,1,0,4.8
B07DTJM47S,2022,1,25,89,8,2,0,1,4.8
B00MEDUKCE,2022,1,25,88,7,2,1,1,4.8
B07MKS1C8B,2022,1,25,72,15,7,3,3,4.5
B01AT0D3MW,2022,1,25,84,10,3,1,1,4.8
B00CB8BL5W,2022,1,25,85,10,2,2,2,4.7
B074Y6JCF3,2022,1,25,74,12,7,3,4,4.5
B08YJRYYGP,2022,1,25,68,15,10,3,4,4.4
B08FTWMQ1P,2022,1,25,82,13,3,0,2,4.7
B085C4KJL1,2022,1,25,100,0,0,0,0,5
B00R1P82UW,2022,1,25,71,16,8,2,3,4.5
B00J2AP9X2,2022,1,25,78,10,6,2,4,4.6
B07HND6YC1,2022,1,25,67,9,0,0,24,4
B002LFLPQA,2022,1,25,76,12,7,2,4,4.5
B0777KRYCH,2022,1,25,59,13,13,6,10,4.1
B089FBPMC6,2022,1,25,63,16,11,4,6,4.3
B000PKK11I,2022,1,25,77,6,7,4,6,4.4
B08HDKHJK5,2022,1,25,71,13,8,3,5,4.4
B01M1NBFDD,2022,1,25,67,13,9,4,7,4.3
B083QNQQP9,2022,1,25,57,14,12,6,10,4
B00178I6O6,2022,1,25,77,11,6,2,3,4.6
B07XVTVT4S,2022,1,25,73,14,8,3,3,4.5
B08QYF6698,2022,1,25,72,15,7,3,3,4.5
B089FJBN4Z,2022,1,25,64,16,11,4,6,4.3
B004BJ5CAO,2022,1,25,76,12,6,2,3,4.6
B01M4K32OR,2022,1,25,66,17,13,2,3,4.4
B00IOWYHJ6,2022,1,25,56,13,11,7,12,3.9
B07NCNL3ZW,2022,1,25,67,13,9,5,6,4.3
B07P7KHZJL,2022,1,25,67,12,9,4,7,4.3
B06XF16MWM,2022,1,25,69,13,8,4,6,4.4
B095Y7JG32,2022,1,25,60,14,12,6,8,4.1
B07BMY1FK7,2022,1,25,76,10,6,3,5,4.5
B01LTHKXMM,2022,1,25,82,8,5,2,4,4.6
B08RDQBTVD,2022,1,25,55,15,12,7,11,3.9
B00OW9NDKE,2022,1,25,71,12,8,3,5,4.4
B01EZ8M6TA,2022,1,25,67,14,9,4,5,4.3
B08MWH13BJ,2022,1,25,64,15,10,4,7,4.3
B09C8J6L29,2022,1,25,64,0,0,0,36,3.6
B01ETXDQQI,2022,1,25,68,17,8,3,4,4.4
B089FBPMC6,2022,1,25,63,16,11,4,6,4.3
B00PFCT5NG,2022,1,25,75,8,6,4,7,4.4
B073WZPJ2V,2022,1,25,67,16,8,3,6,4.3
B0946PB9PB,2022,1,25,64,14,9,6,7,4.2
B09FM3V16C,2022,1,25,60,18,14,6,2,4.3
B082YQ521J,2022,1,25,55,15,13,6,10,4
B01J7DN304,2022,1,25,60,16,12,6,7,4.2
B08H49XLQM,2022,1,25,72,13,8,3,4,4.5
B003KW1978,2022,1,25,85,8,4,0,4,4.7
B00178RI0Y,2022,1,25,82,9,5,1,3,4.6
B009WI26RQ,2022,1,25,63,14,9,5,8,4.2
B075XG1WDB,2022,1,25,79,7,6,1,6,4.5
B00J2APS2Y,2022,1,25,78,10,6,2,4,4.6
B01IAECEF6,2022,1,25,89,6,3,0,2,4.8
B07GZY15MY,2022,1,25,68,15,8,4,5,4.4
B08SWHKGMF,2022,1,25,58,15,12,6,9,4.1
B00P1IYUFM,2022,1,25,76,10,7,2,6,4.5
B08L8ZFFKJ,2022,1,25,73,15,7,2,3,4.5
B08J489QBS,2022,1,25,58,14,13,5,10,4.1
B001LFER98,2022,1,25,72,14,8,2,4,4.5
B09HL7XK4V,2022,1,25,100,0,0,0,0,5
B08XY6R7B5,2022,1,25,90,0,0,0,10,4.6
B01BAOEW62,2022,1,25,81,9,3,3,4,4.6
B07DJF37YZ,2022,1,25,82,8,5,2,4,4.6
B07XT1BNVH,2022,1,25,58,15,12,6,8,4.1
B01BOM2ZWS,2022,1,25,82,5,8,5,0,4.6
B09K41S6Z6,2022,1,25,92,8,0,0,0,4.9
B095M11PV8,2022,1,25,66,14,9,6,5,4.3
B09JMBLR8C,2022,1,25,0,0,0,0,0,0
B0121T4HTC,2022,1,25,84,3,6,6,0,4.6
B098PBY9JJ,2022,1,25,48,12,13,10,16,3.7
B00J2AP9OG,2022,1,25,78,10,6,2,4,4.6
B00JFGMBOS,2022,1,25,69,11,9,0,11,4.3
B01JZNFE3U,2022,1,25,68,17,8,3,4,4.4
B09F8RD8H2,2022,1,25,49,7,11,12,21,3.5
B08QZ7Y5CR,2022,1,25,67,15,9,4,5,4.3
B08GG25RNF,2022,1,25,56,15,13,7,10,4
B01N2BCFHV,2022,1,25,75,13,6,2,5,4.5
B00570GWCI,2022,1,25,87,6,2,2,3,4.7
B09167GXBB,2022,1,25,73,15,7,4,0,4.6
B09JS9XBB4,2022,1,25,34,33,33,0,0,4
B00178HDPO,2022,1,25,68,15,8,4,6,4.3
B00YFQ1JH8,2022,1,25,64,15,10,5,7,4.2
B07GNHV1WT,2022,1,25,83,2,9,4,3,4.6
B011XF0YQ0,2022,1,25,75,11,3,3,8,4.4
B00SNNR88I,2022,1,25,73,13,7,3,4,4.5
B000H3F9DI,2022,1,25,90,7,3,0,0,4.9
B07GNJH9ZQ,2022,1,25,88,8,2,2,1,4.8
B07T3RFDJ5,2022,1,25,73,16,7,2,3,4.5
B009X9ZR02,2022,1,25,68,15,9,4,5,4.4
B01LXFQPMI,2022,1,25,57,13,11,7,11,4
B092RDZ9Y6,2022,1,25,69,9,9,4,8,4.3
B01GC6UXBQ,2022,1,25,68,15,9,3,5,4.4
B0006LNKKK,2022,1,25,77,13,5,1,4,4.6
B000AM17X2,2022,1,25,80,11,3,3,3,4.6
B078VNH5MR,2022,1,25,60,15,13,5,7,4.1
B07KP46J7J,2022,1,25,54,14,13,8,11,3.9
B0894BB687,2022,1,25,53,11,15,9,11,3.9
B07ZR3D79K,2022,1,25,75,13,6,2,4,4.5
B09G9GSY9Q,2022,1,25,0,34,32,0,35,2.6
B08N86XSLX,2022,1,25,69,9,8,9,5,4.3
B09L5LTNWP,2022,1,25,0,0,0,0,0,0
B07BGJ59MR,2022,1,25,63,12,9,5,11,4.1
B00PFCT30G,2022,1,25,78,10,6,1,4,4.6
B01N02WPEW,2022,1,25,46,31,0,22,0,4
B000H3GWX4,2022,1,25,86,0,5,4,6,4.6
B0006LNKFK,2022,1,25,72,17,5,2,3,4.5
B000H3CPNU,2022,1,25,81,6,11,0,2,4.6
B00PL15X96,2022,1,25,79,8,6,1,6,4.5
B09KTMCMNY,2022,1,25,46,0,0,27,27,3.1
B001P2JZBC,2022,1,25,74,13,6,3,4,4.5
B007WN4ZT0,2022,1,25,85,4,6,2,3,4.7
B08GYZYNM8,2022,1,25,45,10,16,10,20,3.5
B00OW9NDZ4,2022,1,25,69,13,7,3,6,4.4
B08S78HB96,2022,1,25,58,16,12,5,9,4.1
B01LXFCBIE,2022,1,25,74,11,7,0,8,4.4
B06Y2L6F34,2022,1,25,64,12,11,5,7,4.2
B099PPSW7K,2022,1,25,55,19,13,0,13,4
B07PBM1D57,2022,1,25,68,13,9,4,5,4.3
B0006LNJZ6,2022,1,25,75,11,8,3,4,4.5
B003VIWF4C,2022,1,25,65,22,13,0,0,4.5
B000H3I408,2022,1,25,84,5,6,1,4,4.6
B08S3K3R1Q,2022,1,25,55,16,13,6,10,4
B004BCX924,2022,1,25,75,14,7,2,3,4.6
B07TTCVPDF,2022,1,25,56,18,12,5,8,4.1
B07MJHLLG1,2022,1,25,92,5,3,0,0,4.9
B09JMG938D,2022,1,25,0,0,0,0,0,0
B082YPZMT9,2022,1,25,55,15,13,6,10,4
B00J2APPR2,2022,1,25,78,10,6,2,4,4.6
B07JRBVWZF,2022,1,25,56,44,0,0,0,4.6
B00JFIG8AE,2022,1,25,69,11,9,0,11,4.3
B01ETXDSAW,2022,1,25,68,17,8,3,4,4.4
B007WN4ZT0,2022,1,25,85,4,6,2,3,4.7
B08GYZYNM8,2022,1,25,45,10,16,10,20,3.5
B08H3VTMQW,2022,1,25,72,14,8,3,4,4.5
B08S78HB96,2022,1,25,58,16,12,5,9,4.1
B00OW9NDZ4,2022,1,25,69,13,7,3,6,4.4
B01GIA34IA,2022,1,25,65,15,11,1,7,4.3
B01LXFCBIE,2022,1,25,74,11,7,0,8,4.4
B07C8JF37G,2022,1,25,67,14,9,4,5,4.3
B06Y2L6F34,2022,1,25,64,12,11,5,7,4.2
B099PPSW7K,2022,1,25,55,19,13,0,13,4
B08S3K3R1Q,2022,1,25,55,16,13,6,10,4
B07PBM1D57,2022,1,25,68,13,9,4,5,4.3
B0006LNJZ6,2022,1,25,75,11,8,3,4,4.5
B00PFCT5U4,2022,1,25,78,10,7,2,3,4.6
B00CUGNRNY,2022,1,25,71,15,7,3,4,4.5
B002H950MA,2022,1,25,81,10,4,2,2,4.7
B07GF7CQNG,2022,1,25,68,14,8,3,6,4.4
B07RR9VW3V,2022,1,25,72,21,4,0,4,4.6
B003VIWF4C,2022,1,25,65,22,13,0,0,4.5
B07XGN4DJG,2022,1,25,49,11,11,12,17,3.6
B07G5CV1D2,2022,1,25,51,17,14,8,11,3.9
B00COWAIG8,2022,1,25,73,16,4,7,0,4.6
B000H3I408,2022,1,25,84,5,6,1,4,4.6
B09MSXMMSM,2022,1,25,100,0,0,0,0,5
B09JMFLY7C,2022,1,25,0,0,0,0,0,0
B08BT4DDYG,2022,1,25,62,19,16,0,3,4.4
B09JMC281J,2022,1,25,0,0,0,0,0,0
B004BCX924,2022,1,25,75,14,7,2,3,4.6
B01MQZ89I9,2022,1,25,69,14,8,3,5,4.4
B07TTCVPDF,2022,1,25,56,18,12,5,8,4.1
B07MJHLLG1,2022,1,25,92,5,3,0,0,4.9
B01E5279IO,2022,1,25,68,12,10,3,7,4.3
B074ZN8X96,2022,1,25,54,32,0,0,14,4.1
B00PFCTBG2,2022,1,25,82,7,6,2,2,4.6
B00795ULZI,2022,1,25,68,14,5,7,5,4.3
B07B4R4SDF,2022,1,25,64,14,11,5,6,4.3
B06XRTVGTF,2022,1,25,65,14,9,5,7,4.3
B00YJJWDEY,2022,1,25,64,10,10,7,9,4.1
B075FZTK91,2022,1,25,64,15,11,5,6,4.3
B07KFQSP68,2022,1,25,75,13,8,3,0,4.6
B01F2PA7WS,2022,1,25,76,14,5,3,2,4.6
B095YH77P6,2022,1,25,54,14,14,6,12,3.9
B01IJ6XS0U,2022,1,25,74,12,6,5,3,4.5
B0006LNKYG,2022,1,25,78,7,8,2,4,4.5
B088H4RBLD,2022,1,25,64,17,7,4,8,4.3
B09JDWX3JQ,2022,1,25,0,0,0,0,0,0
B07GH5TRXC,2022,1,25,66,12,9,5,7,4.2
B082QZMV9J,2022,1,25,68,14,8,4,6,4.3
B07Z9WQ72J,2022,1,25,70,17,8,2,3,4.5
B01IJ4F1NE,2022,1,25,75,11,8,3,3,4.5
B01BZON0DI,2022,1,25,86,4,5,3,2,4.7
B09JMDWYT1,2022,1,25,0,0,0,0,0,0
B08JCCZ42F,2022,1,25,52,0,28,21,0,3.8
B07PVMFF8J,2022,1,25,79,9,4,2,5,4.5
B07X9YPDBS,2022,1,25,77,13,6,2,2,4.6
B07PT9ZXX3,2022,1,25,48,15,16,10,11,3.8
B09NMKXNPP,2022,1,25,0,0,0,0,0,0
B001G7PMEA,2022,1,25,77,10,3,3,7,4.5
B0936ZJ8CT,2022,1,25,0,0,0,0,0,0
B09FF8VVWT,2022,1,25,46,10,14,12,17,3.6
B075FX6YHM,2022,1,25,77,12,6,2,3,4.6
B07H446RSV,2022,1,25,66,15,9,4,6,4.3
B003KCKBWW,2022,1,25,75,10,3,0,12,4.4
B07CGQLY4V,2022,1,25,71,10,9,4,6,4.3
B07JFBYSGY,2022,1,25,71,15,7,0,7,4.4
B01MA3PT78,2022,1,25,82,9,3,2,4,4.6
B00GN0D2T2,2022,1,25,74,11,4,3,7,4.4
B00GW557GE,2022,1,25,63,10,11,9,7,4.1
B0000531XS,2022,1,25,77,13,3,3,4,4.6
B00SBRRCY6,2022,1,25,78,10,9,0,3,4.6
B07PSF6SSZ,2022,1,25,84,9,3,1,2,4.7
B09N8ZM68H,2022,1,25,100,0,0,0,0,5
B07GXD9ZG7,2022,1,25,73,11,9,2,5,4.5
B013XCQ9CE,2022,1,25,65,9,9,6,11,4.1
B07956K99Z,2022,1,25,78,13,6,1,2,4.6
B002YLT6J4,2022,1,25,83,9,5,2,2,4.7
B01DPA8BDY,2022,1,25,65,18,9,4,4,4.4
B001G60HYQ,2022,1,25,85,10,2,1,2,4.7
B004U4BSZ8,2022,1,25,78,11,5,3,4,4.5
B01IJ46MGO,2022,1,25,78,10,6,2,4,4.6
B088LMGYFD,2022,1,25,66,14,8,3,8,4.3
B088P83ZRB,2022,1,25,61,12,12,11,4,4.1
B08HCLYTQC,2022,1,25,87,8,3,1,1,4.8
B08GZ1FK71,2022,1,25,45,10,16,10,20,3.5
B00IALDH4C,2022,1,25,66,14,8,5,8,4.3
B006WZ9ZHQ,2022,1,25,72,12,7,3,6,4.4
B014N4Q02A,2022,1,25,76,8,8,3,6,4.5
B0716PTP9R,2022,1,25,89,11,0,0,0,4.9
B09F65F61N,2022,1,25,31,0,19,31,18,2.9
B06XF138K1,2022,1,25,64,13,11,4,8,4.2
B0861N2NCM,2022,1,25,66,15,9,3,6,4.3
B001ET76UI,2022,1,25,89,6,2,1,2,4.8
B07FB1G3WX,2022,1,25,60,19,13,3,4,4.3
B000RODU5Q,2022,1,25,83,8,5,2,2,4.7
B09KGLVPRN,2022,1,25,63,19,8,5,5,4.3
B0047ELJVY,2022,1,25,84,6,8,1,1,4.7
B08PQD5GSM,2022,1,25,81,12,2,2,3,4.7
B096FMWWQ2,2022,1,25,69,31,0,0,0,4.7
B01IAE1M1I,2022,1,25,83,10,3,0,5,4.7
B01JMYWY94,2022,1,25,74,19,0,7,0,4.6
B0751G81SS,2022,1,25,100,0,0,0,0,5
B017JX57PI,2022,1,25,68,12,8,6,7,4.3
B00I48BHWU,2022,1,25,65,10,9,6,10,4.1
B001P2KA7K,2022,1,25,81,11,4,1,3,4.7
B09JL2F2YF,2022,1,25,100,0,0,0,0,5
B09NM558Q1,2022,1,25,0,0,0,0,0,0
B00C2QTYEI,2022,1,25,68,15,8,4,5,4.4
B006XD1UGG,2022,1,25,80,9,6,2,3,4.6
B07HNC618F,2022,1,25,78,10,6,2,4,4.6
B08C9LJQ2C,2022,1,25,83,11,4,1,1,4.7
B00JJ56RSQ,2022,1,25,69,11,9,0,11,4.3
B07TVDFZHW,2022,1,25,56,18,12,5,8,4.1
B01GKH6FTQ,2022,1,25,74,15,6,3,2,4.6
B00VV8RG0W,2022,1,25,0,0,0,0,0,0
B01MRHW7V7,2022,1,25,42,32,0,27,0,3.9
B01CH28YHO,2022,1,25,64,18,7,4,6,4.3
B08WBMCQHF,2022,1,25,69,13,8,3,7,4.3
B07JFNVP61,2022,1,25,60,14,13,5,8,4.1
B077YH56RM,2022,1,25,68,0,10,0,21,3.9
B08NSP2KKP,2022,1,25,53,16,17,4,9,4
B09MVHDQRG,2022,1,25,51,14,8,19,8,3.8
B007WHYTBU,2022,1,25,81,7,6,2,4,4.6
B00WZY0AK4,2022,1,25,61,16,12,5,5,4.2
B0076OFYOK,2022,1,25,76,12,6,2,5,4.5
B010RA65UG,2022,1,25,81,9,5,2,2,4.6
B0047X594I,2022,1,25,79,12,5,1,3,4.6
B07NY31MLB,2022,1,25,32,33,17,12,6,3.8
B002LFTTEK,2022,1,25,72,13,7,4,4,4.4
B000IG32D8,2022,1,25,83,8,3,1,5,4.6
B001F7D248,2022,1,25,77,9,5,2,7,4.5
B00ADRH0O4,2022,1,25,79,13,5,1,2,4.7
B00570GWCI,2022,1,25,87,6,2,2,3,4.7
B08P2KV42Z,2022,1,25,84,9,0,0,7,4.6
B08599P96Y,2022,1,25,64,16,9,4,6,4.3
B09LV3LMZP,2022,1,25,50,50,0,0,0,4.5
B01DPA6WEO,2022,1,25,65,14,7,5,9,4.2
B08XY5YXVQ,2022,1,25,77,17,0,0,6,4.6
B09K7GRLYN,2022,1,25,0,0,100,0,0,3
B00VV8MI4G,2022,1,25,0,0,0,0,0,0
B09JMCGZ62,2022,1,25,0,0,0,0,0,0
B09JYJ6VCY,2022,1,25,38,20,20,6,15,3.6
B08N3SG87Q,2022,1,25,48,15,10,12,15,3.7
B07PVB7BPB,2022,1,25,64,15,10,6,6,4.2
B07B6DT1B5,2022,1,25,45,20,18,17,0,3.9
B09PF5JPM8,2022,1,25,0,0,0,0,0,0
B074XG4KGF,2022,1,25,81,9,6,2,3,4.6
B01A62BAX2,2022,1,25,91,5,2,1,2,4.8
B09H283CXX,2022,1,25,100,0,0,0,0,5
B01N2BCFHV,2022,1,25,75,13,6,2,5,4.5
B01BAOEW62,2022,1,25,81,9,3,3,4,4.6
B00LBRWEM8,2022,1,25,79,7,0,8,7,4.4
B01IW9CWTC,2022,1,25,63,9,12,5,11,4.1
B08H49XLQM,2022,1,25,72,13,8,3,4,4.5
B08MXC7HWP,2022,1,25,68,14,13,0,5,4.4
B09QMSZRPS,2022,1,25,0,0,0,0,0,0
B0046753LO,2022,1,25,75,12,6,2,4,4.5
B09CKVSQQ6,2022,1,25,44,20,14,5,17,3.7
B0184HNRCI,2022,1,25,65,13,8,7,8,4.2
B07C84ZYLL,2022,1,25,61,15,11,5,8,4.2
B071F1FJMY,2022,1,25,77,13,2,4,4,4.6
B00II3QMQM,2022,1,25,64,15,10,4,7,4.3
B09JST5H7F,2022,1,25,50,0,0,0,50,3
B014VZUK86,2022,1,25,65,16,10,4,5,4.3
B07G12C6DR,2022,1,25,59,15,12,6,8,4.1
B0006LNKK0,2022,1,25,78,8,7,5,3,4.5
B07HND5TZD,2022,1,25,78,10,6,2,4,4.6
B082YQ4QWW,2022,1,25,55,15,13,6,10,4
B01N34SBQS,2022,1,25,65,14,6,4,11,4.2
B09MJR4NGW,2022,1,25,0,0,0,0,0,0
B07F245PS1,2022,1,25,60,15,9,4,11,4.1
B01EX8ATKK,2022,1,25,61,17,5,4,13,4.1
B074JT3698,2022,1,25,71,16,6,2,5,4.5
B00X528FNE,2022,1,25,60,19,6,4,10,4.1
B08BF9DCZR,2022,1,25,55,16,10,8,11,4
B09FSK4FWJ,2022,1,25,49,20,7,0,23,3.7
B0931YZ82P,2022,1,25,69,15,6,3,7,4.4
B084T9Y6JG,2022,1,25,51,16,8,14,11,3.8
B07X59Y5Q7,2022,1,25,66,14,5,4,11,4.2
B09FFCXK6R,2022,1,25,73,10,5,5,6,4.4
B09CDL23RD,2022,1,25,61,16,5,9,9,4.1
B083V6K8RH,2022,1,25,73,13,5,2,7,4.4
B0811Q28N6,2022,1,25,67,15,8,4,7,4.3
B07H4B75YL,2022,1,25,64,6,8,5,17,4
B09D3GN2P1,2022,1,25,74,12,9,0,4,4.5
B07Q5R22DV,2022,1,25,63,15,8,4,9,4.2
B09DY8Y8KS,2022,1,25,72,13,2,3,9,4.4
B08N1KMSZ7,2022,1,25,50,29,22,0,0,4.3
B083643D8X,2022,1,25,73,15,4,2,6,4.5
B09FJRP89C,2022,1,25,73,11,4,3,8,4.4
B097SJ88XL,2022,1,25,0,0,0,0,0,0
B09CPNZ7ST,2022,1,25,47,0,18,0,34,3.3
B08TT1RRGP,2022,1,25,68,17,6,3,6,4.4
B07VCHVTCM,2022,1,25,66,15,6,4,9,4.2
B084T8QHNX,2022,1,25,64,5,11,8,13,4
B09FJRP89C,2022,1,25,73,11,4,3,8,4.4
B098WVKF19,2022,1,25,73,14,5,3,5,4.4
B088B6372Z,2022,1,25,43,14,16,8,19,3.5
B08DNLHGWR,2022,1,25,72,13,5,3,7,4.4
B086ML686Q,2022,1,25,64,18,8,3,7,4.3
B09BZ9R416,2022,1,25,100,0,0,0,0,5
B08BXDR4BF,2022,1,25,62,20,7,3,8,4.2
B07VXNH138,2022,1,25,62,19,10,4,6,4.3
B084TBF5YM,2022,1,25,39,18,10,9,24,3.4
B07M8P8Q2Y,2022,1,25,46,16,10,6,21,3.6
B09KTCTK7F,2022,1,25,59,11,4,8,18,3.9
B07SZNL2WT,2022,1,25,64,19,7,4,7,4.3
B07RLPWZX3,2022,1,25,65,14,5,5,11,4.2
B08QYY3JBZ,2022,1,25,55,16,11,7,11,4
B09H6D3CS5,2022,1,25,81,14,5,0,0,4.8
B09BQMTY49,2022,1,25,58,21,5,2,13,4.1
B09CDL23RD,2022,1,25,61,16,5,9,9,4.1
B08QCBPJF2,2022,1,25,61,16,7,4,12,4.1
B08B11L5QL,2022,1,25,42,24,18,17,0,3.9
B09DG8BL6R,2022,1,25,60,18,9,7,7,4.2
B07ZT78BYP,2022,1,25,74,12,5,3,5,4.5
B0742J69SQ,2022,1,25,72,14,5,2,7,4.4
B09FFCXK6R,2022,1,25,73,10,5,5,6,4.4
B07FCSMJZB,2022,1,25,68,11,3,8,11,4.2
B08L9C1XC3,2022,1,25,74,11,5,4,6,4.4
B09BQMTY49,2022,1,25,59,20,5,2,13,4.1
B091PRCJ5Y,2022,1,25,64,14,9,3,11,4.2
B099S1268V,2022,1,25,60,10,9,8,13,3.9
B09MLY2DHF,2022,1,25,100,0,0,0,0,5
B07RLTXMWS,2022,1,25,56,13,7,4,21,3.8
B09NJKVQSQ,2022,1,25,0,0,0,0,0,0
B08D99BF63,2022,1,25,70,13,7,3,7,4.4
B0919C2VMW,2022,1,25,62,14,5,4,14,4.1
B08H5MHJ2K,2022,1,25,60,17,9,5,9,4.1
B07QDYZM75,2022,1,25,62,15,9,3,11,4.1
B091XVDTP4,2022,1,25,45,0,27,29,0,3.6
B08DRLY2R1,2022,1,25,65,18,7,3,7,4.3
B09B4Q4DP9,2022,1,25,49,17,23,4,7,4
B08LTWG5LG,2022,1,25,60,18,10,4,8,4.2
B09BZC98DW,2022,1,25,0,0,0,0,100,1
B09M8C7QBG,2022,1,25,93,7,0,0,0,4.9
B099WP97RW,2022,1,25,62,17,4,7,10,4.2
B08CXWDBTY,2022,1,25,70,14,6,3,7,4.4
B077B25H9K,2022,1,25,57,21,13,5,4,4.2
B07PSDXMNV,2022,1,25,64,15,8,3,10,4.2
B09CYT2KPX,2022,1,25,68,11,10,3,8,4.3
B07WS1NHFP,2022,1,25,52,15,14,9,9,3.9
B09GFPXR3H,2022,1,25,62,19,9,0,10,4.2
B09JMP3TR1,2022,1,25,74,13,13,0,0,4.6
B098T1MP11,2022,1,25,56,30,0,14,0,4.3
B09N3RS6N4,2022,1,25,100,0,0,0,0,5
B09GFT3D9Q,2022,1,25,64,12,15,9,0,4.3
B08QCM7FL1,2022,1,25,61,16,7,4,12,4.1
B07XB78LTH,2022,1,25,57,21,10,4,8,4.2
B07FQM3V3J,2022,1,25,71,15,6,3,6,4.4
B07ZPGSKLS,2022,1,25,71,13,5,3,8,4.4
B09BL2P1PM,2022,1,25,45,16,9,6,24,3.5
B07QSHWNBF,2022,1,25,58,18,10,5,9,4.1
B07ZF9FK6W,2022,1,25,72,13,6,3,6,4.4
B09GFPKKX8,2022,1,25,63,19,6,6,7,4.2
B082XP4V9P,2022,1,25,58,16,9,10,7,4.1
B09G2KH1XD,2022,1,25,33,47,20,0,0,4.1
B0919C2VMW,2022,1,25,62,14,5,4,14,4.1
B093WRYKZV,2022,1,25,54,23,8,4,11,4.1
B08LZJ8GMH,2022,1,25,66,17,7,4,6,4.3
B083SLMBZM,2022,1,25,61,18,10,4,8,4.2
B09FSHPD5S,2022,1,25,0,100,0,0,0,4
B077W23BGS,2022,1,25,62,13,8,5,12,4.1
B08L9F7HNJ,2022,1,25,76,13,5,2,4,4.5
B09FF9CM1F,2022,1,25,46,41,0,0,13,4.1
B09D3GN2P1,2022,1,25,74,12,9,0,4,4.5
B08CBBFLCG,2022,1,25,61,17,9,4,8,4.2
B09CYT2KPX,2022,1,25,68,11,10,3,8,4.3
B07V5QFLZJ,2022,1,25,54,18,15,0,12,4
B07PFG68PB,2022,1,25,68,14,9,4,5,4.4
B09F9BXXZ2,2022,1,25,79,12,0,0,9,4.5
B099NKZMNM,2022,1,25,62,15,6,6,11,4.1
B08P4564VP,2022,1,25,62,12,10,6,10,4.1
B089V23VX7,2022,1,25,64,12,3,5,16,4
B09C5MLDMS,2022,1,25,70,20,3,3,5,4.5
B07SRQH4R7,2022,1,25,75,14,4,2,5,4.5
B08DM16FC4,2022,1,25,65,16,4,3,13,4.2
B09JW67L73,2022,1,25,61,24,6,0,9,4.3